{
  "TCGA-AB-2803-03": [
    {
      "x": -0.00028080954,
      "y": 1.584446e-05
    }
  ],
  "TCGA-AB-2804-03": [
    {
      "x": -0.00028885455,
      "y": -2.5128089e-06
    }
  ],
  "TCGA-AB-2805-03": [
    {
      "x": 0.0010130671,
      "y": -0.0006022159
    }
  ],
  "TCGA-AB-2806-03": [
    {
      "x": 0.00018627011,
      "y": -0.0002272989
    }
  ],
  "TCGA-AB-2807-03": [
    {
      "x": 0.0001190932,
      "y": -0.00012015063
    }
  ],
  "TCGA-AB-2808-03": [
    {
      "x": -0.00020726358,
      "y": 7.9805572e-05
    }
  ],
  "TCGA-AB-2809-03": [
    {
      "x": -0.00028557406,
      "y": 0.00026004382
    }
  ],
  "TCGA-AB-2810-03": [
    {
      "x": -0.00042871909,
      "y": 0.00013047021
    }
  ],
  "TCGA-AB-2811-03": [
    {
      "x": -0.00041738562,
      "y": 0.00023592753
    }
  ],
  "TCGA-AB-2812-03": [
    {
      "x": -0.00038542131,
      "y": 0.00018441414
    }
  ],
  "TCGA-AB-2813-03": [
    {
      "x": 0.0019040209,
      "y": 0.0027527189
    }
  ],
  "TCGA-AB-2814-03": [
    {
      "x": -0.00029928181,
      "y": 0.00011585285
    }
  ],
  "TCGA-AB-2816-03": [
    {
      "x": -0.00039959323,
      "y": 0.00022880251
    }
  ],
  "TCGA-AB-2817-03": [
    {
      "x": 0.0010723867,
      "y": -0.0005440911
    }
  ],
  "TCGA-AB-2818-03": [
    {
      "x": -0.00041738562,
      "y": 0.00023592753
    }
  ],
  "TCGA-AB-2819-03": [
    {
      "x": -0.00023033506,
      "y": 7.3485688e-05
    }
  ],
  "TCGA-AB-2820-03": [
    {
      "x": 0.00031405157,
      "y": -0.0020929744
    }
  ],
  "TCGA-AB-2821-03": [
    {
      "x": -0.00013462565,
      "y": -0.00011858473
    }
  ],
  "TCGA-AB-2822-03": [
    {
      "x": -0.0001399372,
      "y": -5.6274858e-05
    }
  ],
  "TCGA-AB-2823-03": [
    {
      "x": -0.00014961052,
      "y": -3.5886148e-05
    }
  ],
  "TCGA-AB-2824-03": [
    {
      "x": -0.00035415451,
      "y": 0.00018991965
    }
  ],
  "TCGA-AB-2825-03": [
    {
      "x": -0.00041738562,
      "y": 0.00023592753
    }
  ],
  "TCGA-AB-2826-03": [
    {
      "x": -0.00033318419,
      "y": 9.8820542e-05
    }
  ],
  "TCGA-AB-2827-03": [
    {
      "x": -0.00023284352,
      "y": 6.640936e-05
    }
  ],
  "TCGA-AB-2828-03": [
    {
      "x": -0.00022136521,
      "y": 8.2140857e-05
    }
  ],
  "TCGA-AB-2829-03": [
    {
      "x": 0.0017878941,
      "y": -5.6115309e-05
    }
  ],
  "TCGA-AB-2830-03": [
    {
      "x": -1.5904105e-05,
      "y": -5.7429661e-05
    }
  ],
  "TCGA-AB-2831-03": [
    {
      "x": -0.00026795844,
      "y": 0.00012155295
    }
  ],
  "TCGA-AB-2832-03": [
    {
      "x": -0.00023284352,
      "y": 6.640936e-05
    }
  ],
  "TCGA-AB-2834-03": [
    {
      "x": -0.00029928181,
      "y": 0.00011585285
    }
  ],
  "TCGA-AB-2835-03": [
    {
      "x": -0.00032096408,
      "y": 0.00013696275
    }
  ],
  "TCGA-AB-2836-03": [
    {
      "x": -0.00038542131,
      "y": 0.00018441414
    }
  ],
  "TCGA-AB-2837-03": [
    {
      "x": -0.00032096408,
      "y": 0.00013696275
    }
  ],
  "TCGA-AB-2838-03": [
    {
      "x": 0.0019729354,
      "y": -0.00069740629
    }
  ],
  "TCGA-AB-2839-03": [
    {
      "x": -0.0003390113,
      "y": 0.0001966504
    }
  ],
  "TCGA-AB-2840-03": [
    {
      "x": -0.00029928181,
      "y": 0.00011585285
    }
  ],
  "TCGA-AB-2841-03": [
    {
      "x": -0.00021894211,
      "y": 8.8548036e-05
    }
  ],
  "TCGA-AB-2842-03": [
    {
      "x": -0.00023284352,
      "y": 6.640936e-05
    }
  ],
  "TCGA-AB-2844-03": [
    {
      "x": -0.00024222448,
      "y": 7.3181711e-05
    }
  ],
  "TCGA-AB-2845-03": [
    {
      "x": -0.00022151064,
      "y": 8.3699846e-05
    }
  ],
  "TCGA-AB-2846-03": [
    {
      "x": -0.0002396813,
      "y": 8.0142922e-05
    }
  ],
  "TCGA-AB-2848-03": [
    {
      "x": -0.00032096408,
      "y": 0.00013696275
    }
  ],
  "TCGA-AB-2849-03": [
    {
      "x": -0.00040546868,
      "y": -0.0011737705
    }
  ],
  "TCGA-AB-2850-03": [
    {
      "x": -0.00025864505,
      "y": 3.5931616e-05
    }
  ],
  "TCGA-AB-2851-03": [
    {
      "x": -0.00033312015,
      "y": 0.00016946933
    }
  ],
  "TCGA-AB-2853-03": [
    {
      "x": -0.00041738562,
      "y": 0.00023592753
    }
  ],
  "TCGA-AB-2854-03": [
    {
      "x": -0.00027212408,
      "y": 8.6056164e-05
    }
  ],
  "TCGA-AB-2855-03": [
    {
      "x": -0.00071200485,
      "y": -0.0021842935
    }
  ],
  "TCGA-AB-2857-03": [
    {
      "x": 0.0022323991,
      "y": 0.00033929465
    }
  ],
  "TCGA-AB-2858-03": [
    {
      "x": -0.00023284352,
      "y": 6.640936e-05
    }
  ],
  "TCGA-AB-2859-03": [
    {
      "x": -0.00035415451,
      "y": 0.00018991965
    }
  ],
  "TCGA-AB-2860-03": [
    {
      "x": 0.0014887963,
      "y": 0.00071820257
    }
  ],
  "TCGA-AB-2861-03": [
    {
      "x": -0.00021952441,
      "y": 5.4355649e-05
    }
  ],
  "TCGA-AB-2862-03": [
    {
      "x": -0.00038709254,
      "y": -0.00016082408
    }
  ],
  "TCGA-AB-2863-03": [
    {
      "x": -0.00012723354,
      "y": -1.7672621e-05
    }
  ],
  "TCGA-AB-2864-03": [
    {
      "x": -0.0001543523,
      "y": -6.6910839e-05
    }
  ],
  "TCGA-AB-2865-03": [
    {
      "x": -0.00055726891,
      "y": -0.00053868268
    }
  ],
  "TCGA-AB-2866-03": [
    {
      "x": -0.00024252409,
      "y": 6.0374917e-05
    }
  ],
  "TCGA-AB-2867-03": [
    {
      "x": -0.0002733374,
      "y": 9.4100948e-05
    }
  ],
  "TCGA-AB-2868-03": [
    {
      "x": 0.0010662682,
      "y": -0.00064699171
    }
  ],
  "TCGA-AB-2869-03": [
    {
      "x": -0.00041738562,
      "y": 0.00023592753
    }
  ],
  "TCGA-AB-2870-03": [
    {
      "x": -0.00016642825,
      "y": 9.8232137e-05
    }
  ],
  "TCGA-AB-2871-03": [
    {
      "x": -0.00039373687,
      "y": 0.00017684837
    }
  ],
  "TCGA-AB-2872-03": [
    {
      "x": -0.00020741782,
      "y": 0.00011634593
    }
  ],
  "TCGA-AB-2873-03": [
    {
      "x": -0.00026568653,
      "y": 0.00011944662
    }
  ],
  "TCGA-AB-2874-03": [
    {
      "x": 0.0010400399,
      "y": -0.0005052655
    }
  ],
  "TCGA-AB-2875-03": [
    {
      "x": -0.00029928181,
      "y": 0.00011585285
    }
  ],
  "TCGA-AB-2877-03": [
    {
      "x": -0.00039404346,
      "y": 0.00017738831
    }
  ],
  "TCGA-AB-2878-03": [
    {
      "x": 0.0018281876,
      "y": -0.00030942395
    }
  ],
  "TCGA-AB-2879-03": [
    {
      "x": -0.00038231292,
      "y": 0.00018178599
    }
  ],
  "TCGA-AB-2880-03": [
    {
      "x": -0.00028990496,
      "y": 0.00013431962
    }
  ],
  "TCGA-AB-2881-03": [
    {
      "x": -0.00023033506,
      "y": 7.3485688e-05
    }
  ],
  "TCGA-AB-2882-03": [
    {
      "x": 0.0010777241,
      "y": -0.00048197509
    }
  ],
  "TCGA-AB-2883-03": [
    {
      "x": -0.0006242972,
      "y": -0.0022505495
    }
  ],
  "TCGA-AB-2884-03": [
    {
      "x": -0.00035783573,
      "y": 0.00017256886
    }
  ],
  "TCGA-AB-2885-03": [
    {
      "x": 0.0022246649,
      "y": 0.00030377851
    }
  ],
  "TCGA-AB-2886-03": [
    {
      "x": -0.00019837365,
      "y": 9.0140859e-05
    }
  ],
  "TCGA-AB-2887-03": [
    {
      "x": 0.00065583876,
      "y": -9.5937237e-05
    }
  ],
  "TCGA-AB-2888-03": [
    {
      "x": -0.00023033506,
      "y": 7.3485688e-05
    }
  ],
  "TCGA-AB-2889-03": [
    {
      "x": -0.00023284352,
      "y": 6.640936e-05
    }
  ],
  "TCGA-AB-2890-03": [
    {
      "x": -0.0002922651,
      "y": -6.011625e-05
    }
  ],
  "TCGA-AB-2892-03": [
    {
      "x": -0.00022205705,
      "y": 6.2464374e-05
    }
  ],
  "TCGA-AB-2894-03": [
    {
      "x": 0.0010720109,
      "y": -0.00053913172
    }
  ],
  "TCGA-AB-2895-03": [
    {
      "x": -0.00041738562,
      "y": 0.00023592753
    }
  ],
  "TCGA-AB-2896-03": [
    {
      "x": -0.00035415451,
      "y": 0.00018991965
    }
  ],
  "TCGA-AB-2897-03": [
    {
      "x": -0.00016875189,
      "y": 0.00024361325
    }
  ],
  "TCGA-AB-2898-03": [
    {
      "x": -0.00014953837,
      "y": -3.4303922e-05
    }
  ],