{
  "TCGA-2L-AAQA-01": [
    {
      "x": -0.00016650689,
      "y": 4.2030414e-05
    }
  ],
  "TCGA-2L-AAQE-01": [
    {
      "x": -0.00030266966,
      "y": -0.00022331842
    }
  ],
  "TCGA-2L-AAQI-01": [
    {
      "x": -0.00019908859,
      "y": -1.8174226e-05
    }
  ],
  "TCGA-2L-AAQJ-01": [
    {
      "x": -0.00013620436,
      "y": 2.4775004e-05
    }
  ],
  "TCGA-2L-AAQL-01": [
    {
      "x": -6.486426e-05,
      "y": 0.00039411748
    }
  ],
  "TCGA-2L-AAQM-01": [
    {
      "x": 0.00043645732,
      "y": 0.00023946817
    }
  ],
  "TCGA-3A-A9I5-01": [
    {
      "x": 0.00023224631,
      "y": 0.00011629513
    }
  ],
  "TCGA-3A-A9I7-01": [
    {
      "x": 0.00011057078,
      "y": 7.2545072e-05
    }
  ],
  "TCGA-3A-A9I9-01": [
    {
      "x": -0.00014994458,
      "y": -6.2690753e-05
    }
  ],
  "TCGA-3A-A9IB-01": [
    {
      "x": -0.00013054165,
      "y": 2.7111812e-05
    }
  ],
  "TCGA-3A-A9IC-01": [
    {
      "x": -0.0002308245,
      "y": -9.4416321e-05
    }
  ],
  "TCGA-3A-A9IH-01": [
    {
      "x": -9.6760119e-05,
      "y": -3.1258343e-05
    }
  ],
  "TCGA-3A-A9IJ-01": [
    {
      "x": 0.00025004201,
      "y": 7.9576823e-05
    }
  ],
  "TCGA-3A-A9IL-01": [
    {
      "x": 0.00035467214,
      "y": -9.2544502e-05
    }
  ],
  "TCGA-3A-A9IN-01": [
    {
      "x": 0.00051775698,
      "y": 0.00038011195
    }
  ],
  "TCGA-3A-A9IO-01": [
    {
      "x": 0.00051468211,
      "y": 0.00037656486
    }
  ],
  "TCGA-3A-A9IR-01": [
    {
      "x": 0.00019722178,
      "y": -0.0001334681
    }
  ],
  "TCGA-3A-A9IS-01": [
    {
      "x": 0.00027480191,
      "y": -0.00013958444
    }
  ],
  "TCGA-3A-A9IU-01": [
    {
      "x": -0.00015922694,
      "y": -2.1394553e-05
    }
  ],
  "TCGA-3E-AAAY-01": [
    {
      "x": 0.00012260114,
      "y": -8.1082728e-05
    }
  ],
  "TCGA-3E-AAAZ-01": [
    {
      "x": -0.00011089511,
      "y": -2.0154813e-05
    }
  ],
  "TCGA-F2-6879-01": [
    {
      "x": -0.00022641706,
      "y": -0.00011977545
    }
  ],
  "TCGA-F2-6880-01": [
    {
      "x": 0.00023157888,
      "y": -0.00010614291
    }
  ],
  "TCGA-F2-7273-01": [
    {
      "x": 0.00024519161,
      "y": -0.00012824987
    }
  ],
  "TCGA-F2-7276-01": [
    {
      "x": 0.00025103838,
      "y": -9.4516929e-05
    }
  ],
  "TCGA-F2-A44G-01": [
    {
      "x": 2.5021613e-05,
      "y": -6.6381876e-05
    }
  ],
  "TCGA-F2-A44H-01": [
    {
      "x": 2.9635209e-05,
      "y": -8.7516419e-05
    }
  ],
  "TCGA-F2-A7TX-01": [
    {
      "x": 9.8739798e-05,
      "y": 0.00028554059
    }
  ],
  "TCGA-F2-A8YN-01": [
    {
      "x": -0.0002332039,
      "y": -0.00017458479
    }
  ],
  "TCGA-FB-A4P5-01": [
    {
      "x": 0.00024584144,
      "y": -0.00010916297
    }
  ],
  "TCGA-FB-A545-01": [
    {
      "x": -0.00015918532,
      "y": 0.00021665851
    }
  ],
  "TCGA-FB-A5VM-01": [
    {
      "x": -8.6119084e-05,
      "y": -0.00013163875
    }
  ],
  "TCGA-FB-A78T-01": [
    {
      "x": -8.0567046e-05,
      "y": 2.5980297e-05
    }
  ],
  "TCGA-FB-A7DR-01": [
    {
      "x": -6.129845e-06,
      "y": -0.00011963564
    }
  ],
  "TCGA-FB-AAPS-01": [
    {
      "x": 2.3938232e-05,
      "y": -6.0955483e-05
    }
  ],
  "TCGA-FZ-5919-01": [
    {
      "x": -0.00019347865,
      "y": -7.1537812e-05
    }
  ],
  "TCGA-FZ-5921-01": [
    {
      "x": -3.6952092e-05,
      "y": 0.00017189861
    }
  ],
  "TCGA-FZ-5922-01": [
    {
      "x": 1.293152e-05,
      "y": -1.0687208e-05
    }
  ],
  "TCGA-FZ-5923-01": [
    {
      "x": 8.5713293e-05,
      "y": 7.5612501e-05
    }
  ],
  "TCGA-FZ-5924-01": [
    {
      "x": -0.00026515187,
      "y": -9.7442344e-05
    }
  ],
  "TCGA-FZ-5926-01": [
    {
      "x": -7.5249609e-05,
      "y": -9.8964643e-05
    }
  ],
  "TCGA-H6-8124-01": [
    {
      "x": -0.00013090729,
      "y": -9.3979282e-05
    }
  ],
  "TCGA-H6-A45N-01": [
    {
      "x": 6.0368435e-05,
      "y": -5.0396802e-05
    }
  ],
  "TCGA-H8-A6C1-01": [
    {
      "x": -9.5930004e-05,
      "y": 2.0014357e-05
    }
  ],
  "TCGA-HV-A5A3-01": [
    {
      "x": -0.00015271876,
      "y": 9.2254545e-05
    }
  ],
  "TCGA-HV-A5A4-01": [
    {
      "x": 6.7434182e-05,
      "y": 4.4528748e-05
    }
  ],
  "TCGA-HV-A5A5-01": [
    {
      "x": 1.1155768e-05,
      "y": 8.3222773e-05
    }
  ],
  "TCGA-HV-A5A6-01": [
    {
      "x": -0.00021112708,
      "y": -0.00014725717
    }
  ],
  "TCGA-HV-A7OL-01": [
    {
      "x": -0.00010871296,
      "y": -1.1159251e-05
    }
  ],
  "TCGA-HV-A7OP-01": [
    {
      "x": -8.6231511e-05,
      "y": -0.0001056096
    }
  ],
  "TCGA-HV-AA8X-01": [
    {
      "x": -0.0001414726,
      "y": 8.0684397e-05
    }
  ],
  "TCGA-HZ-7289-01": [
    {
      "x": -6.2063504e-05,
      "y": -5.6467526e-05
    }
  ],
  "TCGA-HZ-7918-01": [
    {
      "x": -6.6147968e-06,
      "y": -2.0957383e-05
    }
  ],
  "TCGA-HZ-7919-01": [
    {
      "x": -0.00010963264,
      "y": -4.1404356e-05
    }
  ],
  "TCGA-HZ-7920-01": [
    {
      "x": 0.00022864627,
      "y": -0.00011892802
    }
  ],
  "TCGA-HZ-7922-01": [
    {
      "x": -0.0001586905,
      "y": -4.937463e-05
    }
  ],
  "TCGA-HZ-7923-01": [
    {
      "x": 0.00023551742,
      "y": -0.00010778245
    }
  ],
  "TCGA-HZ-7924-01": [
    {
      "x": 0.00022610236,
      "y": -9.6124692e-05
    }
  ],
  "TCGA-HZ-7925-01": [
    {
      "x": -0.0001016881,
      "y": 1.6604507e-05
    }
  ],
  "TCGA-HZ-7926-01": [
    {
      "x": 5.6624334e-05,
      "y": 8.3474539e-05
    }
  ],
  "TCGA-HZ-8001-01": [
    {
      "x": -3.6446477e-05,
      "y": -1.9226549e-05
    }
  ],
  "TCGA-HZ-8002-01": [
    {
      "x": 9.5044994e-05,
      "y": -7.2916377e-05
    }
  ],
  "TCGA-HZ-8003-01": [
    {
      "x": 0.00012035161,
      "y": -8.0071336e-05
    }
  ],
  "TCGA-HZ-8005-01": [
    {
      "x": -0.00012296097,
      "y": 6.0321536e-05
    }
  ],
  "TCGA-HZ-8315-01": [
    {
      "x": -8.517556e-05,
      "y": -2.4419781e-05
    }
  ],
  "TCGA-HZ-8317-01": [
    {
      "x": 0.00023185581,
      "y": -9.7760869e-05
    }
  ],
  "TCGA-HZ-8636-01": [
    {
      "x": -0.00018987105,
      "y": 0.00014161547
    }
  ],
  "TCGA-HZ-8637-01": [
    {
      "x": -7.1013796e-05,
      "y": 6.3256881e-05
    }
  ],
  "TCGA-HZ-8638-01": [
    {
      "x": 0.00023048118,
      "y": -8.1211956e-05
    }
  ],
  "TCGA-HZ-A49G-01": [
    {
      "x": -2.3267059e-05,
      "y": -5.8181175e-05
    }
  ],
  "TCGA-HZ-A49H-01": [
    {
      "x": 0.00019332512,
      "y": -8.9133609e-05
    }
  ],
  "TCGA-HZ-A49I-01": [
    {
      "x": -1.8113585e-05,
      "y": -0.000168165
    }
  ],
  "TCGA-HZ-A4BH-01": [
    {
      "x": -0.00014734338,
      "y": -2.6038221e-05
    }
  ],
  "TCGA-HZ-A4BK-01": [
    {
      "x": -0.00010910228,
      "y": -6.1521301e-05
    }
  ],
  "TCGA-HZ-A77O-01": [
    {
      "x": -0.00021918785,
      "y": 0.00013212987
    }
  ],
  "TCGA-HZ-A77P-01": [
    {
      "x": -3.3893127e-06,
      "y": -3.8981482e-05
    }
  ],
  "TCGA-HZ-A77Q-01": [
    {
      "x": -0.00014591366,
      "y": -7.9054173e-05
    }
  ],
  "TCGA-HZ-A8P0-01": [
    {
      "x": 3.4060717e-05,
      "y": -0.00010490708
    }
  ],
  "TCGA-HZ-A8P1-01": [
    {
      "x": -3.8459107e-05,
      "y": 4.4413049e-05
    }
  ],
  "TCGA-IB-7644-01": [
    {
      "x": -6.581815e-05,
      "y": -7.7534243e-05
    }
  ],
  "TCGA-IB-7645-01": [
    {
      "x": 1.8455348e-05,
      "y": 0.00012967681
    }
  ],
  "TCGA-IB-7646-01": [
    {
      "x": -0.00010224134,
      "y": 1.1129237e-05
    }
  ],
  "TCGA-IB-7647-01": [
    {
      "x": -7.7270026e-05,
      "y": -8.8129319e-05
    }
  ],
  "TCGA-IB-7649-01": [
    {
      "x": -5.0482232e-05,
      "y": -4.5907635e-05
    }
  ],
  "TCGA-IB-7651-01": [
    {
      "x": 5.1289694e-05,
      "y": 9.5090355e-05
    }
  ],
  "TCGA-IB-7652-01": [
    {
      "x": -1.269508e-05,
      "y": 0.00010400403
    }
  ],
  "TCGA-IB-7654-01": [
    {
      "x": 2.3561241e-07,