{
  "1": [
    {
      "x": 15149965,
      "p": 0,
      "c": 123400000,
      "q": 249250621
    }
  ],
  "2": [
    {
      "x": 30299930,
      "p": 29500000,
      "c": 123400000,
      "q": 272699373
    }
  ],
  "3": [
    {
      "x": 45449896,
      "p": 32500000,
      "c": 123400000,
      "q": 230522430
    }
  ],
  "4": [
    {
      "x": 60599861,
      "p": 73400000,
      "c": 123400000,
      "q": 264554276
    }
  ],
  "5": [
    {
      "x": 75749826,
      "p": 74600000,
      "c": 123400000,
      "q": 255515260
    }
  ],
  "6": [
    {
      "x": 90899791,
      "p": 63600000,
      "c": 123400000,
      "q": 234715067
    }
  ],
  "7": [
    {
      "x": 1.0604976e+08,
      "p": 63300000,
      "c": 123400000,
      "q": 222438663
    }
  ],
  "8": [
    {
      "x": 1.2119972e+08,
      "p": 78200000,
      "c": 123400000,
      "q": 224564022
    }
  ],
  "9": [
    {
      "x": 1.3634969e+08,
      "p": 80400000,
      "c": 123400000,
      "q": 221613431
    }
  ],
  "10": [
    {
      "x": 1.5149965e+08,
      "p": 83600000,
      "c": 123400000,
      "q": 219134747
    }
  ],
  "11": [
    {
      "x": 1.6664962e+08,
      "p": 70000000,
      "c": 123400000,
      "q": 205006516
    }
  ],
  "12": [
    {
      "x": 1.8179958e+08,
      "p": 87900000,
      "c": 123400000,
      "q": 221751895
    }
  ],
  "13": [
    {
      "x": 1.9694955e+08,
      "p": 105700000,
      "c": 123400000,
      "q": 220869878
    }
  ],
  "14": [
    {
      "x": 2.1209951e+08,
      "p": 106200000,
      "c": 123400000,
      "q": 213549540
    }
  ],
  "15": [
    {
      "x": 2.2724948e+08,
      "p": 104400000,
      "c": 123400000,
      "q": 206931392
    }
  ],
  "16": [
    {
      "x": 2.4239944e+08,
      "p": 86600000,
      "c": 123400000,
      "q": 176954753
    }
  ],
  "17": [
    {
      "x": 2.5754941e+08,
      "p": 98300000,
      "c": 123400000,
      "q": 179495210
    }
  ],
  "18": [
    {
      "x": 2.7269937e+08,
      "p": 104900000,
      "c": 123400000,
      "q": 182977248
    }
  ],
  "19": [
    {
      "x": 2.8784934e+08,
      "p": 97200000,
      "c": 123400000,
      "q": 156328983
    }
  ],
  "20": [
    {
      "x": 3.029993e+08,
      "p": 95300000,
      "c": 123400000,
      "q": 158325520
    }
  ],
  "21": [
    {
      "x": 3.1814927e+08,
      "p": 111400000,
      "c": 123400000,
      "q": 159529895
    }
  ],
  "22": [
    {
      "x": 3.3329923e+08,
      "p": 108400000,
      "c": 123400000,
      "q": 159704566
    }
  ],
  "X": [
    {
      "x": 3.484492e+08,
      "p": 62400000,
      "c": 123400000,
      "q": 217670560
    }
  ],
  "Y": [
    {
      "x": 3.6359916e+08,
      "p": 113000000,
      "c": 123400000,
      "q": 172373566
    }
  ]
}
