{
  "ABCB1": [1.0604976e+08, 1.5043318e+08],
  "ABCC4": [1.9694955e+08, 2.0137208e+08],
  "ABCG2": [60599861, 1.6241142e+08],
  "ABL1": [1.3634969e+08, 2.1398927e+08],
  "ABL2": [15149965, 1.7906846e+08],
  "ACVR1B": [1.8179958e+08, 1.4024545e+08],
  "AKT1": [2.1209951e+08, 2.1143569e+08],
  "AKT2": [2.8784934e+08, 1.3793622e+08],
  "AKT3": [15149965, 2.4365153e+08],
  "ALK": [30299930, 58915639],
  "APC": [75749826, 1.866432e+08],
  "AR": [3.484492e+08, 1.2916387e+08],
  "ARID1A": [15149965, 27022521],
  "ARID1B": [90899791, 2.2069906e+08],
  "ARID2": [1.8179958e+08, 1.3402362e+08],
  "ASXL1": [3.029993e+08, 1.2624615e+08],
  "ATM": [1.6664962e+08, 1.7809356e+08],
  "ATRX": [3.484492e+08, 1.3916036e+08],
  "AURKA": [3.029993e+08, 1.5024444e+08],
  "AURKB": [2.5754941e+08, 1.0640805e+08],
  "AXIN1": [2.4239944e+08, 86937439],
  "AXL": [2.8784934e+08, 1.389251e+08],
  "B2M": [2.2724948e+08, 1.4940368e+08],
  "BAK1": [90899791, 97140322],
  "BAP1": [45449896, 84935019],
  "BARD1": [30299930, 2.4509037e+08],
  "BCL2": [2.7269937e+08, 1.6569058e+08],
  "BCL2L11": [30299930, 1.4137849e+08],
  "BCOR": [3.484492e+08, 1.023105e+08],
  "BCR": [3.3329923e+08, 1.3192255e+08],
  "BRAF": [1.0604976e+08, 2.0373381e+08],
  "BRCA1": [2.5754941e+08, 1.3949631e+08],
  "BRCA2": [1.9694955e+08, 1.3858962e+08],
  "BRIP1": [2.5754941e+08, 1.5805655e+08],
  "CALR": [2.8784934e+08, 1.1024941e+08],
  "CARD11": [1.0604976e+08, 66245709],
  "CASP8": [30299930, 2.3159816e+08],
  "CBL": [1.6664962e+08, 1.8907698e+08],
  "CBLB": [45449896, 1.3787711e+08],
  "CCND1": [1.6664962e+08, 1.3945587e+08],
  "CCNE1": [2.8784934e+08, 1.275029e+08],
  "CDC73": [15149965, 1.9309109e+08],
  "CDH1": [2.4239944e+08, 1.5537119e+08],
  "CDK4": [1.8179958e+08, 1.4604151e+08],
  "CDK6": [1.0604976e+08, 1.5553423e+08],
  "CDK8": [1.9694955e+08, 1.3252876e+08],
  "CDKN1A": [90899791, 1.0024424e+08],
  "CDKN2A": [1.3634969e+08, 1.0236775e+08],
  "CDKN2C": [15149965, 51434366],
  "CEBPA": [2.8784934e+08, 1.3099084e+08],
  "CHD1": [75749826, 1.7279091e+08],
  "CHEK1": [1.6664962e+08, 1.9549503e+08],
  "CHEK2": [3.3329923e+08, 1.3748373e+08],
  "CIC": [2.8784934e+08, 1.3997269e+08],
  "CREBBP": [2.4239944e+08, 90375055],
  "CRLF2": [3.6359916e+08, 1.1426489e+08],
  "CSF1R": [75749826, 2.2403285e+08],
  "CTNNB1": [45449896, 73740941],
  "CYLD": [2.4239944e+08, 1.3737596e+08],
  "CYP1B1": [30299930, 67794745],
  "CYP2C19": [1.5149965e+08, 1.8012244e+08],
  "CYP2C8": [1.5149965e+08, 1.8039653e+08],
  "CYP2D6": [3.3329923e+08, 1.509225e+08],
  "CYP3A4": [1.0604976e+08, 1.6265458e+08],
  "CYP3A5": [1.0604976e+08, 1.6254581e+08],
  "DAXX": [90899791, 96886334],
  "DDR2": [15149965, 1.6260223e+08],
  "DEPDC5": [3.3329923e+08, 1.4054994e+08],
  "DNAJB1": [2.8784934e+08, 1.1182558e+08],
  "DNMT1": [2.8784934e+08, 1.0744402e+08],
  "DNMT3A": [30299930, 54955829],
  "DOCK7": [15149965, 62920396],
  "DPYD": [15149965, 97543299],
  "EGFR": [1.0604976e+08, 1.1838672e+08],
  "EIF3A": [1.5149965e+08, 2.0439454e+08],
  "EML4": [30299930, 71896477],
  "EP300": [3.3329923e+08, 1.4988861e+08],
  "EPHA3": [45449896, 1.2165667e+08],
  "EPHA5": [60599861, 1.3958528e+08],
  "EPHB2": [15149965, 23037330],
  "EPHB6": [1.0604976e+08, 2.0585278e+08],
  "ERBB2": [2.5754941e+08, 1.3614434e+08],
  "ERBB3": [1.8179958e+08, 1.4437381e+08],
  "ERBB4": [30299930, 2.4174044e+08],
  "ERCC2": [2.8784934e+08, 1.4305465e+08],
  "ERG": [3.1814927e+08, 1.5113918e+08],
  "ESR1": [90899791, 2.1561163e+08],
  "ESR2": [2.1209951e+08, 1.7089343e+08],
  "ETV6": [1.8179958e+08, 99702787],
  "EZH2": [1.0604976e+08, 2.1180446e+08],
  "FAM175A": [60599861, 1.5778209e+08],
  "FBXW7": [60599861, 2.2664241e+08],
  "FCGR1A": [15149965, 1.4975425e+08],
  "FCGR2A": [15149965, 1.614752e+08],
  "FCGR3A": [15149965, 1.6151155e+08],
  "FGFR1": [1.2119972e+08, 1.1646866e+08],
  "FGFR2": [1.5149965e+08, 2.0683784e+08],
  "FGFR3": [60599861, 75195038],
  "FGFR4": [75749826, 2.5111387e+08],
  "FLT1": [1.9694955e+08, 1.3457448e+08],
  "FLT3": [1.9694955e+08, 1.3427741e+08],
  "FLT4": [75749826, 2.5462850e+08],
  "FOXA1": [2.1209951e+08, 1.4425876e+08],
  "FOXL2": [45449896, 1.7116306e+08],
  "FUBP1": [15149965, 78412166],
  "GAB2": [1.6664962e+08, 1.4792634e+08],
  "GATA1": [3.484492e+08, 1.1104498e+08],
  "GATA2": [45449896, 1.6069826e+08],
  "GATA3": [1.5149965e+08, 91696666],
  "GLI1": [1.8179958e+08, 1.4575392e+08],
  "GNA11": [2.8784934e+08, 1.0029441e+08],
  "GNAQ": [1.3634969e+08, 1.6073119e+08],
  "GNAS": [3.029993e+08, 1.5271477e+08],
  "GRIN2A": [2.4239944e+08, 96447261],
  "GRM3": [1.0604976e+08, 1.4957323e+08],
  "GSTP1": [1.6664962e+08, 1.3735106e+08],
  "H3F3A": [15149965, 2.2625041e+08],
  "HDAC4": [30299930, 2.6946986e+08],
  "HIF1A": [2.1209951e+08, 1.6836212e+08],
  "HIST1H3B": [90899791, 89631816],
  "HNF1A": [1.8179958e+08, 2.0931637e+08],
  "HRAS": [1.6664962e+08, 70532241],
  "HSPH1": [1.9694955e+08, 1.3740911e+08],
  "IDH1": [30299930, 2.3860095e+08],
  "IDH2": [2.2724948e+08, 1.9502721e+08],
  "IGF1R": [2.2724948e+08, 2.0359177e+08],
  "IGF2": [1.6664962e+08, 72150341],
  "IKZF1": [1.0604976e+08, 1.1364368e+08],
  "IL7R": [75749826, 1.1045698e+08],
  "ITPA": [3.029993e+08, 98489513],
  "JAK1": [15149965, 65298905],
  "JAK2": [1.3634969e+08, 85385244],
  "JAK3": [2.8784934e+08, 1.1513559e+08],
  "KDM5C": [3.484492e+08, 1.156205e+08],
  "KDM6A": [3.484492e+08, 1.0713242e+08],
  "KDR": [60599861, 1.2934442e+08],
  "KIF5B": [1.5149965e+08, 1.1589794e+08],
  "KIT": [60599861, 1.2892409e+08],
  "KRAS": [1.8179958e+08, 1.1325772e+08],
  "LMO1": [1.6664962e+08, 78245850],
  "LRP2": [30299930, 1.9948362e+08],
  "MAN1B1": [1.3634969e+08, 2.2038138e+08],
  "MAP2K1": [2.2724948e+08, 1.7107921e+08],
  "MAP2K2": [2.8784934e+08, 1.0129032e+08],
  "MAP2K4": [2.5754941e+08, 1.1022413e+08],
  "MAP3K1": [75749826, 1.307109e+08],
  "MAPK1": [3.3329923e+08, 1.3051395e+08],
  "MC1R": [2.4239944e+08, 1.7658429e+08],
  "MCL1": [15149965, 1.5054703e+08],
  "MDM2": [1.8179958e+08, 1.5710195e+08],
  "MDM4": [15149965, 2.0448551e+08],
  "MED12": [3.484492e+08, 1.3273840e+08],
  "MEN1": [1.6664962e+08, 1.3457098e+08],
  "MET": [1.0604976e+08, 1.7961246e+08],
  "MIOS": [1.0604976e+08, 70906615],
  "MITF": [45449896, 1.0228858e+08],
  "MLH1": [45449896, 69534840],
  "MLH3": [2.1209951e+08, 1.8168047e+08],
  "159": {},
  "160": {},
  "161": {},
  "MPL": [15149965, 43803474],
  "MRE11A": [1.6664962e+08, 1.6415047e+08],
  "MSH2": [30299930, 77130205],
  "MSH6": [30299930, 77510220],
  "MTAP": [1.3634969e+08, 1.0220263e+08],
  "MTHFR": [15149965, 11845786],
  "MUTYH": [15149965, 45794913],
  "MYC": [1.2119972e+08, 2.0694831e+08],
  "170": {},
  "MYCN": [30299930, 45580559],
  "MYD88": [45449896, 70679968],
  "NBN": [1.2119972e+08, 1.6914556e+08],
  "NCOA3": [3.029993e+08, 1.414306e+08],
  "NCOR1": [2.5754941e+08, 1.1423341e+08],
  "NF1": [2.5754941e+08, 1.2772194e+08],
  "NF2": [3.3329923e+08, 1.3839954e+08],
  "NFE2L2": [30299930, 2.0759503e+08],
  "NKX2-1": [2.1209951e+08, 1.431856e+08],
  "NOTCH1": [1.3634969e+08, 2.197889e+08],
  "NOTCH2": [15149965, 1.2045418e+08],
  "NPM1": [75749826, 2.4541471e+08],
  "NPRL2": [45449896, 82884918],
  "NPRL3": [2.4239944e+08, 86735803],
  "NQO1": [2.4239944e+08, 1.563433e+08],
  "NRAS": [15149965, 1.1524708e+08],
  "NRP2": [30299930, 2.3604722e+08],
  "NTRK1": [15149965, 1.5678554e+08],
  "PAK1": [1.6664962e+08, 1.4703306e+08],
  "PALB2": [2.4239944e+08, 1.1021448e+08],
  "PAX5": [1.3634969e+08, 1.1723327e+08],
  "PBRM1": [45449896, 85079367],
  "PDGFRA": [60599861, 1.2849526e+08],
  "PDGFRB": [75749826, 2.240934e+08],
  "PHF6": [3.484492e+08, 1.9590734e+08],
  "PIK3CA": [45449896, 2.1136631e+08],
  "PIK3R1": [75749826, 1.4211158e+08],
  "PLK1": [2.4239944e+08, 1.1029009e+08],
  "PLK2": [75749826, 1.3234981e+08],
  "PLK3": [15149965, 45265896],
  "PLK4": [60599861, 2.0220202e+08],
  "PML": [2.2724948e+08, 1.7868701e+08],
  "PMS2": [1.0604976e+08, 69312869],
  "POLD1": [2.8784934e+08, 1.4808758e+08],