{
  "TP53": [2.5754941e+08, 1.0587172e+08],
  "ARID1A": [15149965, 27022521],
  "KDM6A": [3.484492e+08, 1.0713242e+08],
  "4": {},
  "5": {},
  "PIK3CA": [45449896, 2.1136631e+08],
  "GATA3": [1.5149965e+08, 91696666],
  "APC": [75749826, 1.866432e+08],
  "KRAS": [1.8179958e+08, 1.1325772e+08],
  "NRAS": [15149965, 1.1524708e+08],
  "SMAD2": [2.7269937e+08, 1.5025946e+08],
  "SMAD4": [2.7269937e+08, 1.5345658e+08],
  "PTEN": [1.5149965e+08, 1.7322319e+08],
  "EGFR": [1.0604976e+08, 1.1838672e+08],
  "RB1": [1.9694955e+08, 1.5457788e+08],
  "CDKN2A": [1.3634969e+08, 1.0236775e+08],
  "NOTCH1": [1.3634969e+08, 2.197889e+08],
  "VHL": [45449896, 42683318],
  "PBRM1": [45449896, 85079367],
  "NFE2L2": [30299930, 2.0759503e+08],
  "KEAP1": [2.8784934e+08, 1.077968e+08],
  "NF1": [2.5754941e+08, 1.2772194e+08],
  "PIK3R1": [75749826, 1.4211158e+08],
  "CTNNB1": [45449896, 73740941],
  "CTCF": [2.4239944e+08, 1.5419631e+08],
  "FBXW7": [60599861, 2.2664241e+08],
  "IDH1": [30299930, 2.3860095e+08],
  "ATRX": [3.484492e+08, 1.3916036e+08],
  "BRAF": [1.0604976e+08, 2.0373381e+08],
  "FLT3": [1.9694955e+08, 1.3427741e+08],
  "31": {},
  "KIT": [60599861, 1.2892409e+08],
  "TET2": [60599861, 1.7946703e+08],
  "EP300": [3.3329923e+08, 1.4988861e+08],
  "CDKN1A": [90899791, 1.0024424e+08],
  "CDKN1B": [1.8179958e+08, 1.007702e+08],
  "ERCC2": [2.8784934e+08, 1.4305465e+08],
  "ATM": [1.6664962e+08, 1.7809356e+08],
  "CHEK2": [3.3329923e+08, 1.3748373e+08],
  "STAG2": [3.484492e+08, 1.8549441e+08],
  "FGFR2": [1.5149965e+08, 2.0683784e+08],
  "FGFR3": [60599861, 75195038],
  "ELF3": [15149965, 2.0197969e+08],
  "PDGFRA": [60599861, 1.2849526e+08],
  "SETD2": [45449896, 79557897],
  "BRCA1": [2.5754941e+08, 1.3949631e+08],
  "BRCA2": [1.9694955e+08, 1.3858962e+08],
  "CDH1": [2.4239944e+08, 1.5537119e+08],
  "NUMA1": [1.6664962e+08, 1.4171391e+08],
  "BAP1": [45449896, 84935019],
  "SF3B1": [30299930, 2.277567e+08],
  "CDK12": [2.5754941e+08, 1.3591776e+08],
  "CASP8": [30299930, 2.3159816e+08],
  "54": {},
  "PHF6": [3.484492e+08, 1.9590734e+08],
  "TBX3": [1.8179958e+08, 2.0300806e+08],
  "HLA-A": [90899791, 93510246],
  "TBL1XR1": [45449896, 2.0923854e+08],
  "CCND1": [1.6664962e+08, 1.3945587e+08],
  "KDM5C": [3.484492e+08, 1.156205e+08],
  "PPP2R1A": [2.8784934e+08, 1.4989305e+08],
  "U2AF1": [3.1814927e+08, 1.5591306e+08],
  "CBFB": [2.4239944e+08, 1.5366305e+08],
  "SPOP": [2.5754941e+08, 1.4597624e+08]
}
