{
  "TCGA-18-3406-01": [3.6617482e-06, 7.9564854e-06],
  "TCGA-18-3407-01": [-2.4819692e-05, -2.1749404e-05],
  "TCGA-18-3408-01": [-1.054893e-05, 3.8905259e-05],
  "TCGA-18-3409-01": [2.0499403e-05, -0.00010101123],
  "TCGA-18-3410-01": [3.1197658e-05, -2.3145488e-05],
  "TCGA-18-3411-01": [-0.00010375657, -2.3865498e-05],
  "TCGA-18-3412-01": [-5.1631229e-05, -5.7490327e-06],
  "TCGA-18-3414-01": [-1.151812e-05, -6.6789776e-05],
  "TCGA-18-3415-01": [-2.7252409e-05, 2.9356639e-05],
  "TCGA-18-3417-01": [2.8105091e-05, -1.3824073e-05],
  "TCGA-18-3419-01": [3.6550537e-05, 2.0782872e-05],
  "TCGA-18-3421-01": [2.8198872e-05, 1.2956097e-05],
  "TCGA-18-4083-01": [-2.5289651e-05, -3.4787576e-05],
  "TCGA-18-4086-01": [2.5516927e-05, 4.3697851e-05],
  "TCGA-18-4721-01": [-4.4651622e-05, 2.8767598e-05],
  "TCGA-18-5592-01": [-3.1131549e-05, 2.0464047e-05],
  "TCGA-18-5595-01": [6.0334964e-05, -2.3895472e-05],
  "TCGA-21-1070-01": [2.7295915e-05, 3.1952211e-05],
  "TCGA-21-1071-01": [1.2792531e-05, -9.5716989e-06],
  "TCGA-21-1076-01": [-6.0577152e-06, 5.5829364e-05],
  "TCGA-21-1077-01": [-1.5713503e-05, 1.749568e-05],
  "TCGA-21-1081-01": [6.9291781e-05, 1.1754863e-06],
  "TCGA-21-5782-01": [3.346748e-05, -1.4075143e-05],
  "TCGA-21-5784-01": [7.0658475e-06, 3.8961925e-05],
  "TCGA-21-5786-01": [-3.1302826e-06, -1.0277499e-05],
  "TCGA-21-5787-01": [3.9619485e-06, 9.3745813e-06],
  "TCGA-22-0944-01": [-2.7868691e-05, 4.6412448e-05],
  "TCGA-22-1002-01": [4.042076e-05, -7.1272026e-05],
  "TCGA-22-1012-01": [-6.0334331e-05, 3.0441007e-05],
  "TCGA-22-1016-01": [3.5554202e-05, -1.1466942e-05],
  "TCGA-22-4591-01": [3.4131251e-05, -1.6641293e-05],
  "TCGA-22-4593-01": [-5.7445833e-05, 2.0760404e-05],
  "TCGA-22-4595-01": [2.2804699e-05, 4.3375398e-05],
  "TCGA-22-4599-01": [-8.6909048e-05, -7.8658005e-06],
  "TCGA-22-4601-01": [1.4881326e-05, 2.1512434e-05],
  "TCGA-22-4604-01": [-4.6395984e-05, 1.591498e-05],
  "TCGA-22-4613-01": [-2.7137329e-05, -4.6735122e-05],
  "TCGA-22-5471-01": [-4.5169077e-05, 3.3128355e-05],
  "TCGA-22-5472-01": [4.4943522e-05, 4.9544791e-06],
  "TCGA-22-5473-01": [-8.3557901e-05, -8.7735631e-05],
  "TCGA-22-5477-01": [-0.00012062121, -7.1632564e-07],
  "TCGA-22-5478-01": [-2.0585466e-05, -2.5402514e-06],
  "TCGA-22-5480-01": [4.1368268e-07, 4.6345885e-05],
  "TCGA-22-5482-01": [-4.4257535e-05, -1.9083421e-05],
  "TCGA-22-5485-01": [1.5959716e-05, 4.7872063e-05],
  "TCGA-22-5489-01": [3.121013e-05, 2.5059641e-05],
  "TCGA-22-5491-01": [1.6693874e-05, -8.8966478e-06],
  "TCGA-22-5492-01": [8.2397022e-06, 1.6582984e-05],
  "TCGA-33-4532-01": [4.4518427e-06, 1.5618609e-05],
  "TCGA-33-4533-01": [-4.9605255e-07, 4.5317943e-05],
  "TCGA-33-4538-01": [-9.0303116e-05, -1.7004095e-05],
  "TCGA-33-4566-01": [5.8291405e-06, -6.8988949e-05],
  "TCGA-33-4582-01": [1.1022332e-06, 5.7625072e-05],
  "TCGA-33-4583-01": [-5.9472496e-06, -4.4881307e-05],
  "TCGA-33-4586-01": [-4.5518253e-05, -7.0398658e-06],
  "TCGA-33-6737-01": [3.9403201e-05, 2.5782342e-05],
  "TCGA-34-2596-01": [-0.00012731247, -1.162953e-05],
  "TCGA-34-2600-01": [2.656607e-05, -3.0796098e-05],
  "TCGA-34-2608-01": [1.79893e-06, 1.9588185e-05],
  "TCGA-34-5231-01": [-3.758372e-05, -5.0203433e-05],
  "TCGA-34-5232-01": [4.5958108e-05, -9.7059481e-06],
  "TCGA-34-5234-01": [5.032935e-05, 2.4317041e-05],
  "TCGA-34-5236-01": [-4.9232457e-05, 4.0703354e-05],
  "TCGA-34-5239-01": [-1.7633756e-05, 1.1978535e-05],
  "TCGA-34-5240-01": [2.6211807e-05, 4.4436474e-05],
  "TCGA-34-5927-01": [-9.177685e-06, -3.2132566e-05],
  "TCGA-34-5928-01": [-7.9443841e-06, -3.349046e-05],
  "TCGA-34-5929-01": [1.7708534e-05, 1.1408209e-05],
  "TCGA-37-3783-01": [7.1704697e-06, -2.0751225e-05],
  "TCGA-37-3789-01": [2.3069145e-05, -5.8673945e-05],
  "TCGA-37-4135-01": [-5.6555967e-05, -1.1442449e-05],
  "TCGA-37-4141-01": [6.7051112e-05, 9.3899935e-06],
  "TCGA-37-5819-01": [9.7356668e-06, -1.1039625e-05],
  "TCGA-39-5016-01": [-7.0994444e-05, 3.1868228e-05],
  "TCGA-39-5019-01": [-1.4647421e-05, 5.0623857e-05],
  "TCGA-39-5021-01": [-1.2654575e-05, 5.9736467e-05],
  "TCGA-39-5022-01": [5.1709837e-05, -2.9964509e-05],
  "TCGA-39-5024-01": [4.284195e-05, 4.4076722e-05],
  "TCGA-39-5027-01": [-8.3929601e-05, -1.5405919e-05],
  "TCGA-39-5029-01": [5.8096579e-05, 1.0620304e-05],
  "TCGA-39-5030-01": [5.1309994e-06, -4.1003865e-05],
  "TCGA-39-5031-01": [1.7619393e-05, 1.220743e-05],
  "TCGA-39-5035-01": [2.7991259e-05, 3.7699038e-05],
  "TCGA-39-5036-01": [-2.8898159e-05, -5.1631198e-05],
  "TCGA-39-5037-01": [-1.2887387e-05, 2.1705414e-06],
  "TCGA-39-5039-01": [3.5325435e-05, 3.1916318e-05],
  "TCGA-43-2578-01": [0.00011907719, -3.9218938e-05],
  "TCGA-43-3394-01": [-9.4160216e-05, -1.6621383e-05],
  "TCGA-43-3920-01": [3.74377e-05, 1.1569676e-05],
  "TCGA-43-5668-01": [5.6864984e-06, 1.1596038e-05],
  "TCGA-43-6143-01": [3.07253e-05, 4.1043501e-05],
  "TCGA-43-6647-01": [2.3746591e-05, 4.9049012e-05],
  "TCGA-43-6770-01": [3.7901776e-05, 5.0405648e-05],
  "TCGA-43-6771-01": [8.2671803e-05, 4.146253e-06],
  "TCGA-46-3765-01": [-3.9823679e-05, -4.9816886e-05],
  "TCGA-46-3767-01": [3.5358766e-05, -3.2752528e-07],
  "TCGA-46-3768-01": [-7.2253008e-05, 2.3085648e-07],
  "TCGA-46-3769-01": [3.7790541e-05, -3.1220868e-05],
  "TCGA-46-6025-01": [-3.9574549e-05, 4.4339819e-05],
  "TCGA-46-6026-01": [8.2582323e-06, 5.0820815e-05],
  "TCGA-51-4079-01": [-4.0585255e-05, -2.072575e-05],
  "TCGA-51-4080-01": [-6.0034034e-05, 1.9423829e-05],
  "TCGA-51-4081-01": [-5.3941261e-05, 4.0330848e-05],
  "TCGA-56-1622-01": [3.6977515e-05, 1.1675463e-05],
  "TCGA-56-5898-01": [2.8411361e-05, 5.7043097e-05],
  "TCGA-56-6545-01": [-3.0236249e-05, -1.294801e-05],
  "TCGA-56-6546-01": [6.337196e-05, -2.0365959e-05],
  "TCGA-60-2698-01": [-5.6693117e-05, -9.8238295e-05],
  "TCGA-60-2707-01": [-1.0763279e-05, 5.1864719e-05],
  "TCGA-60-2708-01": [-4.3023216e-05, 4.3083574e-05],
  "TCGA-60-2709-01": [-1.7038331e-05, 1.9584175e-05],
  "TCGA-60-2710-01": [2.3169282e-05, -1.2332947e-05],
  "TCGA-60-2711-01": [-2.5056621e-05, 4.7775751e-05],
  "TCGA-60-2713-01": [3.124963e-05, 4.4624557e-05],
  "TCGA-60-2715-01": [3.9826721e-05, -2.084644e-05],
  "TCGA-60-2719-01": [3.4615648e-05, 2.6543861e-05],
  "TCGA-60-2720-01": [6.4028602e-05, 3.0932428e-05],
  "TCGA-60-2722-01": [-4.1726845e-05, 3.820097e-05],
  "TCGA-60-2723-01": [1.0482775e-05, 4.7574398e-05],
  "TCGA-60-2724-01": [7.4455145e-05, -2.6389208e-05],
  "TCGA-60-2725-01": [-1.8824779e-05, 8.7869169e-06],
  "TCGA-60-2726-01": [-3.3214766e-05, -9.3796648e-05],
  "TCGA-63-5128-01": [-5.8287037e-05, 1.5648461e-05],
  "TCGA-63-5131-01": [-2.029767e-05, 3.1808321e-05],
  "TCGA-63-6202-01": [1.9565742e-05, -3.9296327e-05],
  "TCGA-66-2727-01": [-1.6725481e-05, -2.1929855e-05],
  "TCGA-66-2734-01": [5.6824065e-05, -1.5159304e-05],
  "TCGA-66-2742-01": [-1.277733e-05, -1.5355438e-05],
  "TCGA-66-2744-01": [-1.3192431e-05, -4.1165083e-05],
  "TCGA-66-2754-01": [4.784628e-05, 3.8837052e-05],
  "TCGA-66-2755-01": [-8.3108889e-06, -9.3816819e-08],
  "TCGA-66-2756-01": [3.8321922e-06, 1.7086075e-06],
  "TCGA-66-2757-01": [2.088126e-05, 7.7004548e-06],
  "TCGA-66-2758-01": [-6.201523e-05, 4.1597801e-05],
  "TCGA-66-2759-01": [4.8152183e-05, -2.9268737e-05],
  "TCGA-66-2763-01": [-2.5177537e-05, -2.4701763e-05],
  "TCGA-66-2765-01": [2.8160382e-05, -7.7969404e-05],
  "TCGA-66-2766-01": [-2.7864028e-05, -3.3596217e-05],
  "TCGA-66-2768-01": [-4.4928803e-06, -4.9131096e-05],
  "TCGA-66-2770-01": [-5.7673005e-05, 4.3317405e-05],
  "TCGA-66-2771-01": [4.2411796e-05, -8.9410006e-05],
  "TCGA-66-2773-01": [-1.8187823e-05, -9.9976652e-05],
  "TCGA-66-2777-01": [-8.0670513e-07, 3.0695256e-05],
  "TCGA-66-2780-01": [5.9062845e-05, 2.0826588e-05],
  "TCGA-66-2781-01": [3.7591097e-05, -4.3668757e-05],
  "TCGA-66-2782-01": [6.322004e-05, -5.3238448e-06],
  "TCGA-66-2785-01": [4.2372135e-05, -0.00014991703],
  "TCGA-66-2786-01": [1.6444372e-05, 3.5966166e-05],