{
  "TCGA-A6-2672-01": [0.00014307425, -1.1242492e-05],
  "TCGA-A6-2674-01": [-0.00011505462, -4.7203458e-05],
  "TCGA-A6-2676-01": [0.00014517377, -1.0676919e-05],
  "TCGA-A6-2677-01": [-9.2444521e-07, -2.1910964e-05],
  "TCGA-A6-2678-01": [-2.521386e-05, -0.00012470256],
  "TCGA-A6-2683-01": [-9.5049413e-05, -6.3952381e-05],
  "TCGA-A6-3807-01": [-4.4841103e-05, -1.6239765e-05],
  "TCGA-A6-3810-01": [-0.00010446304, -4.956901e-05],
  "TCGA-AA-3514-01": [4.7982787e-05, -5.6053304e-06],
  "TCGA-AA-3516-01": [0.00020452544, -4.6950866e-05],
  "TCGA-AA-3517-01": [-0.00011728099, -9.6299058e-05],
  "TCGA-AA-3518-01": [0.00019283459, -2.8425065e-05],
  "TCGA-AA-3519-01": [-0.00011396302, -0.00010878264],
  "TCGA-AA-3520-01": [-2.9256211e-05, -4.3735276e-05],
  "TCGA-AA-3521-01": [-6.760753e-05, 0.00015027464],
  "TCGA-AA-3522-01": [-2.8805442e-05, -0.00017272775],
  "TCGA-AA-3524-01": [-4.0801988e-05, 9.1922691e-05],
  "TCGA-AA-3525-01": [0.00015807254, -1.1964846e-05],
  "TCGA-AA-3526-01": [-1.7932977e-05, -1.8617643e-05],
  "TCGA-AA-3527-01": [4.2155284e-05, 9.739671e-06],
  "TCGA-AA-3529-01": [2.2199471e-05, 0.00011397216],
  "TCGA-AA-3530-01": [3.7983685e-05, -3.3815788e-05],
  "TCGA-AA-3531-01": [-6.166433e-05, -1.9519879e-05],
  "TCGA-AA-3532-01": [-4.95413e-05, 9.5000872e-05],
  "TCGA-AA-3534-01": [2.3284868e-05, 0.00021213726],
  "TCGA-AA-3538-01": [-8.6608765e-05, 1.6046482e-05],
  "TCGA-AA-3542-01": [-2.3247925e-05, 0.00012347778],
  "TCGA-AA-3543-01": [9.5563338e-05, -8.5795863e-06],
  "TCGA-AA-3544-01": [-4.1340053e-05, 5.7293723e-05],
  "TCGA-AA-3548-01": [-0.00011194803, -5.1845466e-05],
  "TCGA-AA-3549-01": [-7.5063579e-05, -7.9815654e-05],
  "TCGA-AA-3552-01": [-0.00013308145, -1.4371543e-05],
  "TCGA-AA-3553-01": [-9.2461479e-05, 0.00018325876],
  "TCGA-AA-3554-01": [0.00010688075, -7.6689115e-06],
  "TCGA-AA-3555-01": [0.00020705196, -3.8760288e-05],
  "TCGA-AA-3556-01": [-3.350002e-05, -4.4307235e-05],
  "TCGA-AA-3558-01": [8.2939669e-06, 6.6235309e-05],
  "TCGA-AA-3560-01": [-5.5081018e-05, 5.3464591e-05],
  "TCGA-AA-3561-01": [-3.8662729e-05, -6.1122337e-06],
  "TCGA-AA-3562-01": [-0.00013621728, 3.797791e-05],
  "TCGA-AA-3664-01": [3.5249729e-05, -7.8511233e-05],
  "TCGA-AA-3666-01": [-6.6551331e-05, -0.00011518808],
  "TCGA-AA-3667-01": [-8.468091e-05, 9.7434965e-05],
  "TCGA-AA-3672-01": [0.0003300562, -8.7402983e-06],
  "TCGA-AA-3673-01": [-9.7879883e-05, -5.4736685e-05],
  "TCGA-AA-3678-01": [2.6390756e-05, 4.6211313e-06],
  "TCGA-AA-3679-01": [-7.4878356e-05, 0.00010098379],
  "TCGA-AA-3680-01": [1.743002e-05, -5.3016748e-05],
  "TCGA-AA-3681-01": [6.7024058e-06, 0.00013626376],
  "TCGA-AA-3684-01": [-4.7110539e-06, 0.0001396274],
  "TCGA-AA-3685-01": [-0.00014804046, -5.9786093e-05],
  "TCGA-AA-3688-01": [-6.2006362e-05, -2.8867817e-05],
  "TCGA-AA-3692-01": [-6.1204179e-05, -9.8198298e-05],
  "TCGA-AA-3693-01": [-6.3663099e-05, 8.6854244e-05],
  "TCGA-AA-3695-01": [-7.9491927e-05, -4.1796929e-05],
  "TCGA-AA-3696-01": [2.9519124e-05, 0.00012808737],
  "TCGA-AA-3710-01": [0.0002548355, -3.5315997e-06],
  "TCGA-AA-3715-01": [0.00033672916, 1.1720937e-05],
  "TCGA-AA-3811-01": [6.0595569e-05, -4.3948118e-05],
  "TCGA-AA-3812-01": [2.283354e-05, 0.00022751896],
  "TCGA-AA-3814-01": [-4.0630703e-05, 0.00023506266],
  "TCGA-AA-3818-01": [4.9353396e-05, 0.00014377467],
  "TCGA-AA-3819-01": [3.2307527e-05, -3.6443124e-05],
  "TCGA-AA-3821-01": [0.00014766928, 2.2972117e-06],
  "TCGA-AA-3831-01": [9.1354905e-05, -1.1813095e-05],
  "TCGA-AA-3833-01": [0.00021327939, -3.433934e-05],
  "TCGA-AA-3837-01": [-1.3821347e-05, -0.00018348211],
  "TCGA-AA-3842-01": [-0.00011418243, 1.4551906e-05],
  "TCGA-AA-3844-01": [-2.5552502e-05, 0.0001741175],
  "TCGA-AA-3845-01": [0.00019101068, 1.1794575e-05],
  "TCGA-AA-3846-01": [-5.8322533e-05, 6.0395526e-05],
  "TCGA-AA-3848-01": [-8.1589225e-05, -3.0832188e-05],
  "TCGA-AA-3850-01": [7.9949176e-05, -4.0205065e-05],
  "TCGA-AA-3851-01": [-8.4023052e-05, 3.9440722e-05],
  "TCGA-AA-3852-01": [6.5547694e-05, 0.00013308634],
  "TCGA-AA-3854-01": [5.0351239e-05, 4.4893659e-05],
  "TCGA-AA-3855-01": [-5.1177929e-05, -5.752837e-05],
  "TCGA-AA-3856-01": [-0.00011359989, 9.4329145e-05],
  "TCGA-AA-3858-01": [-0.00012260018, -1.7326414e-05],
  "TCGA-AA-3860-01": [-6.1593651e-05, -0.0001770713],
  "TCGA-AA-3864-01": [0.00031611078, -4.4358808e-05],
  "TCGA-AA-3866-01": [-0.00011546063, -0.00012226981],
  "TCGA-AA-3867-01": [-0.00013843691, 2.3721876e-05],
  "TCGA-AA-3869-01": [-6.7216738e-05, 0.00013580049],
  "TCGA-AA-3870-01": [-5.1662487e-05, 3.0764594e-05],
  "TCGA-AA-3872-01": [-0.00014887386, -8.3597068e-05],
  "TCGA-AA-3875-01": [-1.859175e-05, -3.1446707e-05],
  "TCGA-AA-3877-01": [0.00015219833, 2.3420392e-05],
  "TCGA-AA-3930-01": [-3.9514921e-05, -4.6910988e-05],
  "TCGA-AA-3939-01": [3.2518128e-05, -5.0956738e-05],
  "TCGA-AA-3941-01": [-5.7961022e-05, -3.6255209e-05],
  "TCGA-AA-3947-01": [0.00028265258, -3.7583557e-05],
  "TCGA-AA-3949-01": [0.00017559416, 2.1860606e-05],
  "TCGA-AA-3952-01": [-3.0337449e-05, -0.00020067723],
  "TCGA-AA-3955-01": [-6.7558775e-05, 7.4979258e-05],
  "TCGA-AA-3956-01": [-1.4040814e-05, 4.5781048e-05],
  "TCGA-AA-3966-01": [0.00016320382, -0.0001267624],
  "TCGA-AA-3971-01": [-7.7232879e-05, 0.00011854728],
  "TCGA-AA-3972-01": [-0.00010621149, -0.00013593912],
  "TCGA-AA-3973-01": [2.4204382e-05, -1.1767546e-05],
  "TCGA-AA-3975-01": [-8.8873952e-05, 6.678504e-05],
  "TCGA-AA-3976-01": [-6.3789289e-05, 3.4265396e-05],
  "TCGA-AA-3977-01": [0.00030364427, -3.4157379e-05],
  "TCGA-AA-3979-01": [-3.6103647e-05, -9.4281004e-05],
  "TCGA-AA-3982-01": [-2.3934387e-05, 0.00020069237],
  "TCGA-AA-3984-01": [0.00035001538, 2.6135297e-05],
  "TCGA-AA-3986-01": [1.5842056e-05, 9.4042851e-06],
  "TCGA-AA-3989-01": [-5.9710284e-05, -0.00014384889],
  "TCGA-AA-3994-01": [1.123206e-05, 0.00010684913],
  "TCGA-AA-A004-01": [-5.5476127e-05, -6.4444302e-06],
  "TCGA-AA-A00A-01": [0.00011032879, -2.5319991e-05],
  "TCGA-AA-A00D-01": [-4.8470668e-05, 3.0533395e-05],
  "TCGA-AA-A00E-01": [0.00012383598, 2.1115589e-05],
  "TCGA-AA-A00F-01": [-0.00016787715, 1.2078779e-05],
  "TCGA-AA-A00J-01": [0.00021468206, -4.212246e-05],
  "TCGA-AA-A00K-01": [5.2094669e-05, 4.4523234e-05],
  "TCGA-AA-A00L-01": [-1.049162e-05, 3.3489368e-05],
  "TCGA-AA-A00N-01": [0.00034854143, -3.0641182e-05],
  "TCGA-AA-A00O-01": [-1.8321222e-05, -4.9606294e-05],
  "TCGA-AA-A00Q-01": [-0.00012038958, -6.8318033e-05],
  "TCGA-AA-A00R-01": [0.00010164517, -3.5412528e-05],
  "TCGA-AA-A00U-01": [-2.4813245e-05, -3.2996815e-05],
  "TCGA-AA-A00W-01": [-6.5099342e-05, -3.3330238e-05],
  "TCGA-AA-A00Z-01": [-7.0182352e-06, 1.0601427e-06],
  "TCGA-AA-A010-01": [0.00043897, -4.4865444e-05],
  "TCGA-AA-A017-01": [-4.7361307e-05, 2.1679779e-05],
  "TCGA-AA-A01D-01": [-3.4833215e-05, -6.1599114e-07],
  "TCGA-AA-A01F-01": [-0.00012089252, -0.00013953029],
  "TCGA-AA-A01G-01": [1.5224187e-05, 0.00013137719],
  "TCGA-AA-A01I-01": [5.0891925e-05, 0.00013740136],
  "TCGA-AA-A01K-01": [-2.8062014e-05, -0.00014770586],
  "TCGA-AA-A01P-01": [0.00017110638, -3.18884e-05],
  "TCGA-AA-A01Q-01": [0.00018892076, -3.8963869e-05],
  "TCGA-AA-A01R-01": [0.00024923462, -1.5822613e-05],
  "TCGA-AA-A01S-01": [-2.8385374e-05, 4.3762351e-05],
  "TCGA-AA-A01T-01": [-0.00013120342, -0.00012251551],
  "TCGA-AA-A01V-01": [5.6289139e-05, -4.5056849e-06],
  "TCGA-AA-A01X-01": [-9.6598966e-05, -8.0153358e-05],
  "TCGA-AA-A01Z-01": [-2.1869376e-05, -1.4272591e-05],
  "TCGA-AA-A022-01": [0.00029902149, 4.7418891e-05],
  "TCGA-AA-A024-01": [6.7345353e-05, -2.6520581e-05],
  "TCGA-AA-A029-01": [5.7839106e-05, 0.00015306774],
  "TCGA-AA-A02F-01": [-8.6993309e-05, -0.00012728451],
  "TCGA-AA-A02H-01": [-0.00011185953, -1.3447115e-05],
  "TCGA-AA-A02J-01": [-4.3969906e-05, 4.0627303e-05],
  "TCGA-AA-A02O-01": [4.4663596e-05, 0.00011470284],
  "TCGA-AA-A02W-01": [-0.0001153436, -8.4520064e-05],
  "TCGA-AA-A02Y-01": [4.4688827e-05, 0.00012270832],