{
  "TCGA-18-3406-01": [-1.7160014e-05, -2.5964075e-05],
  "TCGA-18-3407-01": [-1.3559067e-05, -2.4538626e-05],
  "TCGA-18-3408-01": [-1.0787839e-05, -3.5148536e-05],
  "TCGA-18-3409-01": [-5.8792118e-05, 0.00011691464],
  "TCGA-18-3410-01": [-3.6849305e-05, -5.1871956e-06],
  "TCGA-18-3411-01": [-5.3547238e-05, -2.3241939e-05],
  "TCGA-18-3412-01": [-2.0982927e-06, -2.2095786e-05],
  "TCGA-18-3414-01": [-4.162782e-05, -2.4067021e-05],
  "TCGA-18-3415-01": [-2.7635572e-05, -4.4135619e-05],
  "TCGA-18-3416-01": [-3.7842059e-05, 1.8961603e-05],
  "TCGA-18-3417-01": [1.0960793e-05, 2.6110836e-05],
  "TCGA-18-3419-01": [-6.882234e-06, -1.285669e-05],
  "TCGA-18-3421-01": [-3.1324517e-05, 4.9605159e-06],
  "TCGA-18-4083-01": [-3.5109641e-05, -1.941297e-05],
  "TCGA-18-4086-01": [-2.2987038e-05, -2.4480295e-05],
  "TCGA-18-4721-01": [-1.0670772e-05, -4.3550568e-05],
  "TCGA-18-5592-01": [-2.9208702e-05, 6.7506734e-07],
  "TCGA-18-5595-01": [3.1470658e-05, -2.5407764e-05],
  "TCGA-21-1070-01": [-7.0900116e-06, -2.2228763e-05],
  "TCGA-21-1071-01": [2.7927869e-05, -2.4058572e-05],
  "TCGA-21-1076-01": [-4.2841474e-05, -2.779707e-05],
  "TCGA-21-1077-01": [1.2333127e-05, -3.4532524e-05],
  "TCGA-21-1078-01": [3.3555881e-05, 2.267182e-05],
  "TCGA-21-1081-01": [3.3695352e-05, -4.3342672e-06],
  "TCGA-21-5782-01": [-2.4921833e-05, 1.5383836e-05],
  "TCGA-21-5784-01": [-2.0544531e-05, -1.4547642e-05],
  "TCGA-21-5786-01": [-4.5568619e-05, 1.0573543e-06],
  "TCGA-21-5787-01": [-1.8842501e-06, -8.7936959e-06],
  "TCGA-22-0944-01": [-2.3305126e-05, -3.0756739e-05],
  "TCGA-22-1002-01": [-6.8429499e-06, -1.7405101e-05],
  "TCGA-22-1011-01": [-3.8876464e-06, -3.8647466e-05],
  "TCGA-22-1012-01": [-3.8814029e-05, -3.4075586e-05],
  "TCGA-22-1016-01": [-1.1229494e-05, -9.0416122e-06],
  "TCGA-22-4591-01": [-1.5763333e-05, -5.9350461e-06],
  "TCGA-22-4593-01": [-3.2953674e-05, -4.0284958e-05],
  "TCGA-22-4595-01": [-1.5558852e-05, -2.1897665e-05],
  "TCGA-22-4599-01": [-4.2434274e-05, -2.7793111e-05],
  "TCGA-22-4601-01": [-2.7499649e-05, -2.3898198e-06],
  "TCGA-22-4604-01": [-5.4533379e-05, -1.9297857e-05],
  "TCGA-22-4607-01": [-1.1707003e-05, -2.5573932e-05],
  "TCGA-22-4613-01": [-5.9563541e-05, 2.3991678e-05],
  "TCGA-22-5471-01": [-2.9769965e-05, -2.0564676e-05],
  "TCGA-22-5472-01": [-4.4645553e-06, -2.9653706e-05],
  "TCGA-22-5473-01": [-7.8255426e-05, 3.6321832e-05],
  "TCGA-22-5474-01": [-2.4689498e-05, -4.3164533e-05],
  "TCGA-22-5477-01": [-6.2522698e-05, -4.8538945e-05],
  "TCGA-22-5478-01": [-2.6597559e-05, -2.9538388e-05],
  "TCGA-22-5480-01": [-1.3620536e-05, -1.5440004e-05],
  "TCGA-22-5482-01": [-5.2568433e-05, -4.0809586e-05],
  "TCGA-22-5485-01": [-1.9121117e-05, -2.6007924e-05],
  "TCGA-22-5489-01": [-1.0480617e-05, -2.4638754e-05],
  "TCGA-22-5491-01": [-5.6590787e-05, -3.1346406e-06],
  "TCGA-22-5492-01": [-1.9151384e-05, -1.3361699e-07],
  "TCGA-33-4532-01": [-3.6311652e-05, 3.5248086e-06],
  "TCGA-33-4533-01": [-2.1304005e-05, 3.588601e-06],
  "TCGA-33-4538-01": [-5.0259725e-05, -3.1547256e-05],
  "TCGA-33-4547-01": [-2.5187111e-05, -2.5975862e-05],
  "TCGA-33-4566-01": [-1.3130109e-05, 5.7951415e-05],
  "TCGA-33-4582-01": [-2.7604122e-05, -2.8586596e-05],
  "TCGA-33-4583-01": [9.0178247e-06, -7.4711853e-06],
  "TCGA-33-4586-01": [-4.8030405e-05, 2.805669e-08],
  "TCGA-33-6737-01": [-1.0913753e-05, 3.1918411e-06],
  "TCGA-34-2596-01": [-5.3007139e-05, -3.886098e-05],
  "TCGA-34-2600-01": [-4.8076715e-05, 2.4328752e-05],
  "TCGA-34-2608-01": [-3.3784237e-05, -1.998054e-05],
  "TCGA-34-5231-01": [-1.8672474e-05, 1.6861462e-05],
  "TCGA-34-5232-01": [-1.6239297e-05, -3.3915975e-06],
  "TCGA-34-5234-01": [3.2162785e-05, -3.0699455e-05],
  "TCGA-34-5236-01": [-4.7282124e-05, -3.750166e-05],
  "TCGA-34-5239-01": [-2.989659e-05, -1.0628827e-05],
  "TCGA-34-5240-01": [-1.1185832e-05, -1.2684231e-05],
  "TCGA-34-5241-01": [6.380886e-06, -4.5646767e-05],
  "TCGA-34-5927-01": [-4.5398228e-05, 5.0185896e-06],
  "TCGA-34-5928-01": [-2.563361e-05, 1.5273477e-05],
  "TCGA-34-5929-01": [-2.4518128e-05, -2.1958241e-06],
  "TCGA-37-3783-01": [-1.8229638e-05, 4.1725454e-06],
  "TCGA-37-3789-01": [-2.481559e-05, 2.0032154e-05],
  "TCGA-37-4133-01": [-3.8936565e-05, -1.0281594e-06],
  "TCGA-37-4135-01": [-3.1978127e-05, -2.9304985e-05],
  "TCGA-37-4141-01": [-1.2698043e-05, 7.2731834e-06],
  "TCGA-37-5819-01": [-2.8824352e-05, 1.5477119e-05],
  "TCGA-39-5016-01": [-3.7058867e-05, -1.9738631e-05],
  "TCGA-39-5019-01": [-2.1700929e-05, -4.5480421e-05],
  "TCGA-39-5021-01": [-2.6707545e-05, -2.9422839e-05],
  "TCGA-39-5022-01": [1.0686668e-05, 2.5763077e-05],
  "TCGA-39-5024-01": [-1.6578999e-05, -1.8626731e-05],
  "TCGA-39-5027-01": [-4.8329291e-05, -3.110798e-05],
  "TCGA-39-5028-01": [-7.6077973e-06, -1.8215209e-05],
  "TCGA-39-5029-01": [-2.6748948e-05, -6.5146693e-06],
  "TCGA-39-5030-01": [4.5579561e-06, -2.0663271e-05],
  "TCGA-39-5031-01": [-2.8214651e-05, 6.1206763e-07],
  "TCGA-39-5035-01": [-6.4390974e-06, -1.4686024e-05],
  "TCGA-39-5036-01": [-3.5898234e-05, -5.8925402e-06],
  "TCGA-39-5037-01": [-3.8366624e-05, 1.0159687e-05],
  "TCGA-39-5039-01": [1.4412472e-05, -4.1456453e-05],
  "TCGA-43-2578-01": [7.506643e-06, 1.4158445e-05],
  "TCGA-43-3394-01": [-5.1544706e-05, -2.8545755e-05],
  "TCGA-43-3920-01": [-3.1941616e-05, -1.9330344e-05],
  "TCGA-43-5668-01": [-1.2959664e-05, 5.0388743e-06],
  "TCGA-43-6143-01": [-2.9660253e-06, 1.9894685e-06],
  "TCGA-43-6647-01": [1.2948241e-05, -2.5870297e-05],
  "TCGA-43-6770-01": [-1.1899973e-05, -3.8250777e-05],
  "TCGA-43-6771-01": [5.1151718e-05, -2.3626261e-05],
  "TCGA-46-3765-01": [-2.3844279e-05, -1.8382095e-05],
  "TCGA-46-3766-01": [1.3444055e-05, -4.9359649e-05],
  "TCGA-46-3767-01": [-2.2545513e-05, -2.3839289e-05],
  "TCGA-46-3768-01": [-4.8760195e-05, -4.4101413e-07],
  "TCGA-46-3769-01": [-2.8736328e-05, 2.9917659e-05],
  "TCGA-46-6025-01": [-2.065298e-05, -1.5379719e-05],
  "TCGA-46-6026-01": [-2.230402e-05, -4.1171168e-05],
  "TCGA-51-4079-01": [-4.3269074e-05, -4.1886384e-06],
  "TCGA-51-4080-01": [-2.5827736e-05, -1.0598034e-05],
  "TCGA-51-4081-01": [-4.7996237e-05, -3.7475924e-05],
  "TCGA-56-1622-01": [-1.7308771e-05, -1.3888101e-05],
  "TCGA-56-5897-01": [-2.8045393e-05, -7.5006841e-06],
  "TCGA-56-5898-01": [-1.9906204e-05, -4.1471461e-05],
  "TCGA-56-6545-01": [-2.4937065e-05, -1.4318925e-05],
  "TCGA-56-6546-01": [-2.0919391e-05, 3.3734983e-06],
  "TCGA-60-2698-01": [-4.8993447e-05, 5.1432786e-05],
  "TCGA-60-2707-01": [-2.8508927e-05, -3.4865744e-05],
  "TCGA-60-2708-01": [-3.7516053e-05, -3.4760848e-05],
  "TCGA-60-2709-01": [-2.8038421e-06, -1.7614401e-05],
  "TCGA-60-2710-01": [-4.225849e-05, 6.3802658e-06],
  "TCGA-60-2711-01": [-3.3062747e-05, -3.9979996e-05],
  "TCGA-60-2712-01": [1.8615904e-05, -3.1357461e-05],
  "TCGA-60-2713-01": [-2.7959799e-05, -3.6966268e-05],
  "TCGA-60-2715-01": [2.6513337e-05, 8.7142343e-06],
  "TCGA-60-2719-01": [-4.4758584e-05, -2.7401414e-05],
  "TCGA-60-2720-01": [-2.7213713e-05, -7.0773943e-06],
  "TCGA-60-2721-01": [-2.1677188e-05, -2.7907568e-05],
  "TCGA-60-2722-01": [-1.8863176e-05, -2.4675878e-05],
  "TCGA-60-2723-01": [-3.6932082e-05, -1.9826838e-05],
  "TCGA-60-2724-01": [-2.9748194e-05, -3.6702677e-06],
  "TCGA-60-2725-01": [-1.6670561e-05, -3.4012243e-05],
  "TCGA-60-2726-01": [2.3256772e-06, -6.6615016e-06],
  "TCGA-63-5128-01": [-4.0175378e-05, -4.1001901e-05],
  "TCGA-63-5131-01": [-3.0177821e-05, -1.0279681e-05],
  "TCGA-63-6202-01": [1.6449414e-06, 2.6792981e-05],
  "TCGA-66-2727-01": [-3.3347468e-05, -1.3011763e-05],
  "TCGA-66-2734-01": [-4.3738055e-05, 1.8868409e-06],
  "TCGA-66-2742-01": [-2.1765716e-05, -1.2427859e-05],
  "TCGA-66-2744-01": [-5.049166e-06, -5.0707425e-07],
  "TCGA-66-2754-01": [-7.6223771e-06, -1.7287082e-07],
  "TCGA-66-2755-01": [-4.7889666e-05, -2.3610014e-05],
  "TCGA-66-2756-01": [-3.1588841e-05, 1.4484109e-05],
  "TCGA-66-2757-01": [-2.717535e-05, 1.1138611e-06],