{
  "TCGA-AB-2803-03": [-0.00028080954, 1.584446e-05],
  "TCGA-AB-2804-03": [-0.00028885455, -2.5128089e-06],
  "TCGA-AB-2805-03": [0.0010130671, -0.0006022159],
  "TCGA-AB-2806-03": [0.00018627011, -0.0002272989],
  "TCGA-AB-2807-03": [0.0001190932, -0.00012015063],
  "TCGA-AB-2808-03": [-0.00020726358, 7.9805572e-05],
  "TCGA-AB-2809-03": [-0.00028557406, 0.00026004382],
  "TCGA-AB-2810-03": [-0.00042871909, 0.00013047021],
  "TCGA-AB-2811-03": [-0.00041738562, 0.00023592753],
  "TCGA-AB-2812-03": [-0.00038542131, 0.00018441414],
  "TCGA-AB-2813-03": [0.0019040209, 0.0027527189],
  "TCGA-AB-2814-03": [-0.00029928181, 0.00011585285],
  "TCGA-AB-2816-03": [-0.00039959323, 0.00022880251],
  "TCGA-AB-2817-03": [0.0010723867, -0.0005440911],
  "TCGA-AB-2818-03": [-0.00041738562, 0.00023592753],
  "TCGA-AB-2819-03": [-0.00023033506, 7.3485688e-05],
  "TCGA-AB-2820-03": [0.00031405157, -0.0020929744],
  "TCGA-AB-2821-03": [-0.00013462565, -0.00011858473],
  "TCGA-AB-2822-03": [-0.0001399372, -5.6274858e-05],
  "TCGA-AB-2823-03": [-0.00014961052, -3.5886148e-05],
  "TCGA-AB-2824-03": [-0.00035415451, 0.00018991965],
  "TCGA-AB-2825-03": [-0.00041738562, 0.00023592753],
  "TCGA-AB-2826-03": [-0.00033318419, 9.8820542e-05],
  "TCGA-AB-2827-03": [-0.00023284352, 6.640936e-05],
  "TCGA-AB-2828-03": [-0.00022136521, 8.2140857e-05],
  "TCGA-AB-2829-03": [0.0017878941, -5.6115309e-05],
  "TCGA-AB-2830-03": [-1.5904105e-05, -5.7429661e-05],
  "TCGA-AB-2831-03": [-0.00026795844, 0.00012155295],
  "TCGA-AB-2832-03": [-0.00023284352, 6.640936e-05],
  "TCGA-AB-2834-03": [-0.00029928181, 0.00011585285],
  "TCGA-AB-2835-03": [-0.00032096408, 0.00013696275],
  "TCGA-AB-2836-03": [-0.00038542131, 0.00018441414],
  "TCGA-AB-2837-03": [-0.00032096408, 0.00013696275],
  "TCGA-AB-2838-03": [0.0019729354, -0.00069740629],
  "TCGA-AB-2839-03": [-0.0003390113, 0.0001966504],
  "TCGA-AB-2840-03": [-0.00029928181, 0.00011585285],
  "TCGA-AB-2841-03": [-0.00021894211, 8.8548036e-05],
  "TCGA-AB-2842-03": [-0.00023284352, 6.640936e-05],
  "TCGA-AB-2844-03": [-0.00024222448, 7.3181711e-05],
  "TCGA-AB-2845-03": [-0.00022151064, 8.3699846e-05],
  "TCGA-AB-2846-03": [-0.0002396813, 8.0142922e-05],
  "TCGA-AB-2848-03": [-0.00032096408, 0.00013696275],
  "TCGA-AB-2849-03": [-0.00040546868, -0.0011737705],
  "TCGA-AB-2850-03": [-0.00025864505, 3.5931616e-05],
  "TCGA-AB-2851-03": [-0.00033312015, 0.00016946933],
  "TCGA-AB-2853-03": [-0.00041738562, 0.00023592753],
  "TCGA-AB-2854-03": [-0.00027212408, 8.6056164e-05],
  "TCGA-AB-2855-03": [-0.00071200485, -0.0021842935],
  "TCGA-AB-2857-03": [0.0022323991, 0.00033929465],
  "TCGA-AB-2858-03": [-0.00023284352, 6.640936e-05],
  "TCGA-AB-2859-03": [-0.00035415451, 0.00018991965],
  "TCGA-AB-2860-03": [0.0014887963, 0.00071820257],
  "TCGA-AB-2861-03": [-0.00021952441, 5.4355649e-05],
  "TCGA-AB-2862-03": [-0.00038709254, -0.00016082408],
  "TCGA-AB-2863-03": [-0.00012723354, -1.7672621e-05],
  "TCGA-AB-2864-03": [-0.0001543523, -6.6910839e-05],
  "TCGA-AB-2865-03": [-0.00055726891, -0.00053868268],
  "TCGA-AB-2866-03": [-0.00024252409, 6.0374917e-05],
  "TCGA-AB-2867-03": [-0.0002733374, 9.4100948e-05],
  "TCGA-AB-2868-03": [0.0010662682, -0.00064699171],
  "TCGA-AB-2869-03": [-0.00041738562, 0.00023592753],
  "TCGA-AB-2870-03": [-0.00016642825, 9.8232137e-05],
  "TCGA-AB-2871-03": [-0.00039373687, 0.00017684837],
  "TCGA-AB-2872-03": [-0.00020741782, 0.00011634593],
  "TCGA-AB-2873-03": [-0.00026568653, 0.00011944662],
  "TCGA-AB-2874-03": [0.0010400399, -0.0005052655],
  "TCGA-AB-2875-03": [-0.00029928181, 0.00011585285],
  "TCGA-AB-2877-03": [-0.00039404346, 0.00017738831],
  "TCGA-AB-2878-03": [0.0018281876, -0.00030942395],
  "TCGA-AB-2879-03": [-0.00038231292, 0.00018178599],
  "TCGA-AB-2880-03": [-0.00028990496, 0.00013431962],
  "TCGA-AB-2881-03": [-0.00023033506, 7.3485688e-05],
  "TCGA-AB-2882-03": [0.0010777241, -0.00048197509],
  "TCGA-AB-2883-03": [-0.0006242972, -0.0022505495],
  "TCGA-AB-2884-03": [-0.00035783573, 0.00017256886],
  "TCGA-AB-2885-03": [0.0022246649, 0.00030377851],
  "TCGA-AB-2886-03": [-0.00019837365, 9.0140859e-05],
  "TCGA-AB-2887-03": [0.00065583876, -9.5937237e-05],
  "TCGA-AB-2888-03": [-0.00023033506, 7.3485688e-05],
  "TCGA-AB-2889-03": [-0.00023284352, 6.640936e-05],
  "TCGA-AB-2890-03": [-0.0002922651, -6.011625e-05],
  "TCGA-AB-2892-03": [-0.00022205705, 6.2464374e-05],
  "TCGA-AB-2894-03": [0.0010720109, -0.00053913172],
  "TCGA-AB-2895-03": [-0.00041738562, 0.00023592753],
  "TCGA-AB-2896-03": [-0.00035415451, 0.00018991965],
  "TCGA-AB-2897-03": [-0.00016875189, 0.00024361325],
  "TCGA-AB-2898-03": [-0.00014953837, -3.4303922e-05],
  "TCGA-AB-2899-03": [-0.00050745544, -0.00024531783],
  "TCGA-AB-2900-03": [-0.00037562271, 0.00020213867],
  "TCGA-AB-2901-03": [0.00011419056, -0.00034761405],
  "TCGA-AB-2903-03": [-0.00032096408, 0.00013696275],
  "TCGA-AB-2904-03": [0.0011472881, -0.0007234513],
  "TCGA-AB-2905-03": [-0.00024222448, 7.3181711e-05],
  "TCGA-AB-2906-03": [-0.00030442156, 0.00011647021],
  "TCGA-AB-2907-03": [-0.00025261615, 3.0222229e-05],
  "TCGA-AB-2908-03": [0.0014082905, 0.00039425416],
  "TCGA-AB-2909-03": [-0.00023079053, 0.00018809517],
  "TCGA-AB-2910-03": [-0.00033697957, 2.5813844e-05],
  "TCGA-AB-2911-03": [-0.00031233812, 0.00014781968],
  "TCGA-AB-2912-03": [-0.00013051615, -5.8126561e-05],
  "TCGA-AB-2913-03": [-0.00027324537, 4.3642501e-05],
  "TCGA-AB-2914-03": [-0.00023668603, 5.9128904e-05],
  "TCGA-AB-2915-03": [0.0011923273, -0.00052238322],
  "TCGA-AB-2916-03": [5.7566804e-05, -0.00015264073],
  "TCGA-AB-2917-03": [0.00044123362, -0.0026143935],
  "TCGA-AB-2919-03": [-0.00036494549, 0.00018785967],
  "TCGA-AB-2920-03": [0.0020033704, -0.00037463452],
  "TCGA-AB-2921-03": [-0.00029928181, 0.00011585285],
  "TCGA-AB-2922-03": [-0.00029928181, 0.00011585285],
  "TCGA-AB-2923-03": [0.0011629872, -0.0006425723],
  "TCGA-AB-2924-03": [-0.00038542131, 0.00018441414],
  "TCGA-AB-2925-03": [-0.00040876526, 0.00025828908],
  "TCGA-AB-2926-03": [-0.00017452661, -4.0111279e-05],
  "TCGA-AB-2927-03": [-0.00024307814, 3.5599079e-05],
  "TCGA-AB-2928-03": [0.00098081495, -0.00044585984],
  "TCGA-AB-2929-03": [0.00078969183, -0.0010666914],
  "TCGA-AB-2930-03": [-0.00030814416, 0.00012208855],
  "TCGA-AB-2931-03": [-0.00041738562, 0.00023592753],
  "TCGA-AB-2932-03": [-0.00030349199, 0.00013061714],
  "TCGA-AB-2933-03": [-0.00036790697, -0.00097482386],
  "TCGA-AB-2934-03": [-0.0003420683, 0.00016264279],
  "TCGA-AB-2935-03": [0.0024922164, -4.2239321e-05],
  "TCGA-AB-2936-03": [-0.00025058755, 3.2353054e-05],
  "TCGA-AB-2937-03": [-0.00019156026, 0.00017378307],
  "TCGA-AB-2938-03": [0.00096184347, -0.00066446659],
  "TCGA-AB-2939-03": [0.0017734151, 0.00047847819],
  "TCGA-AB-2940-03": [3.1269255e-05, 7.2195892e-05],
  "TCGA-AB-2941-03": [0.0018553514, 0.0015357109],
  "TCGA-AB-2942-03": [-0.00029928181, 0.00011585285],
  "TCGA-AB-2943-03": [0.0017574681, 0.0012529742],
  "TCGA-AB-2945-03": [-0.00039014121, -4.2241749e-05],
  "TCGA-AB-2946-03": [-0.00016196692, 5.1665243e-05],
  "TCGA-AB-2947-03": [-0.00041738562, 0.00023592753],
  "TCGA-AB-2948-03": [-0.00024252409, 6.0374917e-05],
  "TCGA-AB-2949-03": [0.0011689995, -0.00077977453],
  "TCGA-AB-2950-03": [-0.00017931207, 0.00019072453],
  "TCGA-AB-2952-03": [0.0021508642, -0.00049686254],
  "TCGA-AB-2954-03": [0.00011111431, -4.26621e-05],
  "TCGA-AB-2955-03": [0.00035310479, 0.0023917772],
  "TCGA-AB-2956-03": [-0.00048136714, -0.0013387273],
  "TCGA-AB-2957-03": [-0.00029928181, 0.00011585285],
  "TCGA-AB-2959-03": [-0.00028199346, -0.00029047272],
  "TCGA-AB-2963-03": [-0.00038656681, 0.00017452002],
  "TCGA-AB-2964-03": [-0.00023868716, 6.8101022e-05],
  "TCGA-AB-2965-03": [-0.00041440709, 0.00023293104],
  "TCGA-AB-2966-03": [-0.0002730424, 0.00010514693],
  "TCGA-AB-2967-03": [-0.00033657831, 0.00018309804],
  "TCGA-AB-2968-03": [-0.00011711039, 0.00012739548],
  "TCGA-AB-2969-03": [-0.00041952434, 0.00022820159],