{
  "TCGA-2L-AAQA-01": [-0.00016650689, 4.2030414e-05],
  "TCGA-2L-AAQE-01": [-0.00030266966, -0.00022331842],
  "TCGA-2L-AAQI-01": [-0.00019908859, -1.8174226e-05],
  "TCGA-2L-AAQJ-01": [-0.00013620436, 2.4775004e-05],
  "TCGA-2L-AAQL-01": [-6.486426e-05, 0.00039411748],
  "TCGA-2L-AAQM-01": [0.00043645732, 0.00023946817],
  "TCGA-3A-A9I5-01": [0.00023224631, 0.00011629513],
  "TCGA-3A-A9I7-01": [0.00011057078, 7.2545072e-05],
  "TCGA-3A-A9I9-01": [-0.00014994458, -6.2690753e-05],
  "TCGA-3A-A9IB-01": [-0.00013054165, 2.7111812e-05],
  "TCGA-3A-A9IC-01": [-0.0002308245, -9.4416321e-05],
  "TCGA-3A-A9IH-01": [-9.6760119e-05, -3.1258343e-05],
  "TCGA-3A-A9IJ-01": [0.00025004201, 7.9576823e-05],
  "TCGA-3A-A9IL-01": [0.00035467214, -9.2544502e-05],
  "TCGA-3A-A9IN-01": [0.00051775698, 0.00038011195],
  "TCGA-3A-A9IO-01": [0.00051468211, 0.00037656486],
  "TCGA-3A-A9IR-01": [0.00019722178, -0.0001334681],
  "TCGA-3A-A9IS-01": [0.00027480191, -0.00013958444],
  "TCGA-3A-A9IU-01": [-0.00015922694, -2.1394553e-05],
  "TCGA-3E-AAAY-01": [0.00012260114, -8.1082728e-05],
  "TCGA-3E-AAAZ-01": [-0.00011089511, -2.0154813e-05],
  "TCGA-F2-6879-01": [-0.00022641706, -0.00011977545],
  "TCGA-F2-6880-01": [0.00023157888, -0.00010614291],
  "TCGA-F2-7273-01": [0.00024519161, -0.00012824987],
  "TCGA-F2-7276-01": [0.00025103838, -9.4516929e-05],
  "TCGA-F2-A44G-01": [2.5021613e-05, -6.6381876e-05],
  "TCGA-F2-A44H-01": [2.9635209e-05, -8.7516419e-05],
  "TCGA-F2-A7TX-01": [9.8739798e-05, 0.00028554059],
  "TCGA-F2-A8YN-01": [-0.0002332039, -0.00017458479],
  "TCGA-FB-A4P5-01": [0.00024584144, -0.00010916297],
  "TCGA-FB-A545-01": [-0.00015918532, 0.00021665851],
  "TCGA-FB-A5VM-01": [-8.6119084e-05, -0.00013163875],
  "TCGA-FB-A78T-01": [-8.0567046e-05, 2.5980297e-05],
  "TCGA-FB-A7DR-01": [-6.129845e-06, -0.00011963564],
  "TCGA-FB-AAPS-01": [2.3938232e-05, -6.0955483e-05],
  "TCGA-FZ-5919-01": [-0.00019347865, -7.1537812e-05],
  "TCGA-FZ-5921-01": [-3.6952092e-05, 0.00017189861],
  "TCGA-FZ-5922-01": [1.293152e-05, -1.0687208e-05],
  "TCGA-FZ-5923-01": [8.5713293e-05, 7.5612501e-05],
  "TCGA-FZ-5924-01": [-0.00026515187, -9.7442344e-05],
  "TCGA-FZ-5926-01": [-7.5249609e-05, -9.8964643e-05],
  "TCGA-H6-8124-01": [-0.00013090729, -9.3979282e-05],
  "TCGA-H6-A45N-01": [6.0368435e-05, -5.0396802e-05],
  "TCGA-H8-A6C1-01": [-9.5930004e-05, 2.0014357e-05],
  "TCGA-HV-A5A3-01": [-0.00015271876, 9.2254545e-05],
  "TCGA-HV-A5A4-01": [6.7434182e-05, 4.4528748e-05],
  "TCGA-HV-A5A5-01": [1.1155768e-05, 8.3222773e-05],
  "TCGA-HV-A5A6-01": [-0.00021112708, -0.00014725717],
  "TCGA-HV-A7OL-01": [-0.00010871296, -1.1159251e-05],
  "TCGA-HV-A7OP-01": [-8.6231511e-05, -0.0001056096],
  "TCGA-HV-AA8X-01": [-0.0001414726, 8.0684397e-05],
  "TCGA-HZ-7289-01": [-6.2063504e-05, -5.6467526e-05],
  "TCGA-HZ-7918-01": [-6.6147968e-06, -2.0957383e-05],
  "TCGA-HZ-7919-01": [-0.00010963264, -4.1404356e-05],
  "TCGA-HZ-7920-01": [0.00022864627, -0.00011892802],
  "TCGA-HZ-7922-01": [-0.0001586905, -4.937463e-05],
  "TCGA-HZ-7923-01": [0.00023551742, -0.00010778245],
  "TCGA-HZ-7924-01": [0.00022610236, -9.6124692e-05],
  "TCGA-HZ-7925-01": [-0.0001016881, 1.6604507e-05],
  "TCGA-HZ-7926-01": [5.6624334e-05, 8.3474539e-05],
  "TCGA-HZ-8001-01": [-3.6446477e-05, -1.9226549e-05],
  "TCGA-HZ-8002-01": [9.5044994e-05, -7.2916377e-05],
  "TCGA-HZ-8003-01": [0.00012035161, -8.0071336e-05],
  "TCGA-HZ-8005-01": [-0.00012296097, 6.0321536e-05],
  "TCGA-HZ-8315-01": [-8.517556e-05, -2.4419781e-05],
  "TCGA-HZ-8317-01": [0.00023185581, -9.7760869e-05],
  "TCGA-HZ-8636-01": [-0.00018987105, 0.00014161547],
  "TCGA-HZ-8637-01": [-7.1013796e-05, 6.3256881e-05],
  "TCGA-HZ-8638-01": [0.00023048118, -8.1211956e-05],
  "TCGA-HZ-A49G-01": [-2.3267059e-05, -5.8181175e-05],
  "TCGA-HZ-A49H-01": [0.00019332512, -8.9133609e-05],
  "TCGA-HZ-A49I-01": [-1.8113585e-05, -0.000168165],
  "TCGA-HZ-A4BH-01": [-0.00014734338, -2.6038221e-05],
  "TCGA-HZ-A4BK-01": [-0.00010910228, -6.1521301e-05],
  "TCGA-HZ-A77O-01": [-0.00021918785, 0.00013212987],
  "TCGA-HZ-A77P-01": [-3.3893127e-06, -3.8981482e-05],
  "TCGA-HZ-A77Q-01": [-0.00014591366, -7.9054173e-05],
  "TCGA-HZ-A8P0-01": [3.4060717e-05, -0.00010490708],
  "TCGA-HZ-A8P1-01": [-3.8459107e-05, 4.4413049e-05],
  "TCGA-IB-7644-01": [-6.581815e-05, -7.7534243e-05],
  "TCGA-IB-7645-01": [1.8455348e-05, 0.00012967681],
  "TCGA-IB-7646-01": [-0.00010224134, 1.1129237e-05],
  "TCGA-IB-7647-01": [-7.7270026e-05, -8.8129319e-05],
  "TCGA-IB-7649-01": [-5.0482232e-05, -4.5907635e-05],
  "TCGA-IB-7651-01": [5.1289694e-05, 9.5090355e-05],
  "TCGA-IB-7652-01": [-1.269508e-05, 0.00010400403],
  "TCGA-IB-7654-01": [2.3561241e-07, 6.9473541e-05],
  "TCGA-IB-7885-01": [-2.6282423e-05, -0.00018319503],
  "TCGA-IB-7886-01": [-0.00026143723, 0.0003594718],
  "TCGA-IB-7887-01": [-0.00013630447, -9.4533314e-05],
  "TCGA-IB-7888-01": [0.00012647668, -0.00011723931],
  "TCGA-IB-7889-01": [-9.3850728e-05, 0.00017766719],
  "TCGA-IB-7890-01": [-0.00017586186, -6.7391846e-05],
  "TCGA-IB-7891-01": [-3.4021214e-05, 4.3767799e-05],
  "TCGA-IB-7893-01": [-0.00010460088, 0.00016250516],
  "TCGA-IB-7897-01": [0.00024185207, -0.00010793736],
  "TCGA-IB-8126-01": [0.00021533555, -5.5754639e-05],
  "TCGA-IB-8127-01": [-0.00018353312, 0.00035843985],
  "TCGA-IB-A5SO-01": [0.00011140667, -2.5722889e-05],
  "TCGA-IB-A5SP-01": [-0.00019577949, 0.00023652556],
  "TCGA-IB-A5SQ-01": [0.00018425319, -5.8430043e-05],
  "TCGA-IB-A5SS-01": [-0.00013132146, 3.4843599e-05],
  "TCGA-IB-A5ST-01": [9.4690306e-05, -7.8553417e-05],
  "TCGA-IB-A6UF-01": [-0.0002489483, -5.9924864e-05],
  "TCGA-IB-A6UG-01": [-9.5191724e-05, 0.00021351681],
  "TCGA-IB-A7LX-01": [-0.0001067912, 7.5802166e-05],
  "TCGA-IB-A7M4-01": [-0.00015187025, -2.1631975e-05],
  "TCGA-IB-AAUM-01": [0.00011234771, -4.100525e-05],
  "TCGA-IB-AAUN-01": [-0.00019586649, -0.0001227791],
  "TCGA-IB-AAUO-01": [-8.665858e-05, -0.00010143707],
  "TCGA-IB-AAUP-01": [4.641191e-05, -3.7749133e-05],
  "TCGA-IB-AAUR-01": [0.00023712846, -0.00010267525],
  "TCGA-IB-AAUS-01": [0.00010323904, -7.0920609e-05],
  "TCGA-IB-AAUT-01": [0.0002509557, -7.8149046e-05],
  "TCGA-IB-AAUU-01": [-0.00024169879, 0.00017202296],
  "TCGA-IB-AAUV-01": [0.00024228815, -8.9321087e-05],
  "TCGA-IB-AAUW-01": [0.00018159497, -9.5435426e-05],
  "TCGA-LB-A7SX-01": [-0.00018176039, 0.00015019432],
  "TCGA-LB-A8F3-01": [0.00020070951, 0.0001800587],
  "TCGA-LB-A9Q5-01": [9.4035152e-05, -5.2479261e-05],
  "TCGA-M8-A5N4-01": [-5.8788452e-05, 0.00036900087],
  "TCGA-OE-A75W-01": [-0.00025600535, -0.00013377485],
  "TCGA-PZ-A5RE-01": [-0.00012516109, 2.6173128e-05],
  "TCGA-Q3-A5QY-01": [0.00024077622, -9.6015594e-05],
  "TCGA-Q3-AA2A-01": [0.00011193799, -4.1527452e-05],
  "TCGA-RB-A7B8-01": [0.00013283033, 0.00015448469],
  "TCGA-RB-AA9M-01": [-0.0001220445, -2.4801304e-05],
  "TCGA-RL-AAAS-01": [0.00024953151, -8.7186052e-05],
  "TCGA-S4-A8RM-01": [-4.9827713e-05, 0.00019397085],
  "TCGA-S4-A8RO-01": [4.0289551e-06, 0.00017983445],
  "TCGA-S4-A8RP-01": [-2.6678065e-06, 4.2293763e-05],
  "TCGA-US-A774-01": [1.7211548e-05, -9.9288558e-05],
  "TCGA-US-A776-01": [0.00023161408, -0.00010327116],
  "TCGA-US-A779-01": [-0.00014390074, -0.00013575903],
  "TCGA-US-A77E-01": [0.0002049071, 0.00012395882],
  "TCGA-US-A77G-01": [-0.00012369335, -2.6877343e-05],
  "TCGA-US-A77J-01": [0.0002430537, -9.6211478e-05],
  "TCGA-XD-AAUL-01": [-7.4917403e-05, -2.2746617e-05],
  "TCGA-XN-A8T3-01": [-0.00019570809, -0.00045410334],
  "TCGA-XN-A8T5-01": [0.00017050968, -9.1055685e-05],
  "TCGA-YB-A89D-01": [-2.3742284e-05, 0.00034519058],
  "TCGA-YH-A8SY-01": [-0.00021204487, 8.2214087e-05],
  "TCGA-YY-A8LH-01": [-0.00013595545, 0.00010064691]
}
